compound_id,smiles,cns_active,efficacy_score,sedation,seizure_risk,cognitive_impair,movement_disorder
Ibuprofen_0,CC(C)Cc1ccc(cc1)C(C)C(O)=O,1,7.530750890163669,1,0,0,0
Ibuprofen_1,CC(C)Cc1ccc(cc1)C(C)C(O)=O,1,5.475635382167175,0,0,0,0
Ibuprofen_2,CC(C)Cc1ccc(cc1)C(C)C(O)=O,0,7.698292600228468,0,0,0,0
Ibuprofen_3,CC(C)Cc1ccc(cc1)C(C)C(O)=O,1,7.082948979632192,1,0,1,0
Ibuprofen_4,CC(C)Cc1ccc(cc1)C(C)C(O)=O,1,5.131849008396609,0,0,0,0
Ibuprofen_5,CC(C)Cc1ccc(cc1)C(C)C(O)=O,1,5.357021983638047,0,0,1,0
Ibuprofen_6,CC(C)Cc1ccc(cc1)C(C)C(O)=O,1,7.947323761150523,1,0,0,1
Ibuprofen_7,CC(C)Cc1ccc(cc1)C(C)C(O)=O,1,5.730919399706579,0,0,0,0
Ibuprofen_8,CC(C)Cc1ccc(cc1)C(C)C(O)=O,1,6.053619176174269,0,0,0,0
Ibuprofen_9,CC(C)Cc1ccc(cc1)C(C)C(O)=O,1,8.009269231676365,0,1,0,1
Ibuprofen_10,CC(C)Cc1ccc(cc1)C(C)C(O)=O,1,7.685237722608658,0,0,0,0
Ibuprofen_11,CC(C)Cc1ccc(cc1)C(C)C(O)=O,1,6.0564770212215535,1,0,0,0
Ibuprofen_12,CC(C)Cc1ccc(cc1)C(C)C(O)=O,1,5.015611683945441,0,0,1,0
Ibuprofen_13,CC(C)Cc1ccc(cc1)C(C)C(O)=O,0,8.43101054942538,1,0,0,0
Ibuprofen_14,CC(C)Cc1ccc(cc1)C(C)C(O)=O,1,5.344933400096329,1,0,0,0
Ibuprofen_15,CC(C)Cc1ccc(cc1)C(C)C(O)=O,1,7.2864650539565154,0,0,1,0
Ibuprofen_16,CC(C)Cc1ccc(cc1)C(C)C(O)=O,1,5.267082603077861,0,0,1,0
Ibuprofen_17,CC(C)Cc1ccc(cc1)C(C)C(O)=O,1,5.577302954373064,0,0,1,0
Ibuprofen_18,CC(C)Cc1ccc(cc1)C(C)C(O)=O,0,5.059109821190821,0,0,0,1
Ibuprofen_19,CC(C)Cc1ccc(cc1)C(C)C(O)=O,0,8.784406236300605,0,0,0,0
Ibuprofen_20,CC(C)Cc1ccc(cc1)C(C)C(O)=O,0,6.004546893614806,1,0,0,0
Ibuprofen_21,CC(C)Cc1ccc(cc1)C(C)C(O)=O,0,7.756959399925613,1,0,1,0
Ibuprofen_22,CC(C)Cc1ccc(cc1)C(C)C(O)=O,1,7.901174103255363,0,0,0,1
Ibuprofen_23,CC(C)Cc1ccc(cc1)C(C)C(O)=O,1,6.156995094519964,0,0,0,0
Ibuprofen_24,CC(C)Cc1ccc(cc1)C(C)C(O)=O,1,7.790052021144382,1,0,0,0
Ibuprofen_25,CC(C)Cc1ccc(cc1)C(C)C(O)=O,0,7.480667426270843,1,0,0,0
Ibuprofen_26,CC(C)Cc1ccc(cc1)C(C)C(O)=O,1,7.8382464659475,1,1,1,0
Ibuprofen_27,CC(C)Cc1ccc(cc1)C(C)C(O)=O,1,7.3215832896657425,1,0,0,0
Ibuprofen_28,CC(C)Cc1ccc(cc1)C(C)C(O)=O,1,7.893879452294902,0,0,0,0
Ibuprofen_29,CC(C)Cc1ccc(cc1)C(C)C(O)=O,0,6.182448894447594,0,0,1,1
Ibuprofen_30,CC(C)Cc1ccc(cc1)C(C)C(O)=O,0,7.302127997027168,0,0,0,0
Ibuprofen_31,CC(C)Cc1ccc(cc1)C(C)C(O)=O,0,7.96825288468742,1,0,0,0
Ibuprofen_32,CC(C)Cc1ccc(cc1)C(C)C(O)=O,1,5.240022112712531,1,0,0,0
Ibuprofen_33,CC(C)Cc1ccc(cc1)C(C)C(O)=O,1,7.931683186138011,1,0,0,0
Ibuprofen_34,CC(C)Cc1ccc(cc1)C(C)C(O)=O,1,8.263194459211014,0,0,0,0
Ibuprofen_35,CC(C)Cc1ccc(cc1)C(C)C(O)=O,0,8.610778622247867,0,0,0,0
Ibuprofen_36,CC(C)Cc1ccc(cc1)C(C)C(O)=O,0,7.496753213083486,1,0,0,0
Ibuprofen_37,CC(C)Cc1ccc(cc1)C(C)C(O)=O,1,6.0482072642057885,1,0,0,0
Ibuprofen_38,CC(C)Cc1ccc(cc1)C(C)C(O)=O,1,5.85990529144134,0,0,0,0
Ibuprofen_39,CC(C)Cc1ccc(cc1)C(C)C(O)=O,0,8.894654156405858,1,0,0,0
Ibuprofen_40,CC(C)Cc1ccc(cc1)C(C)C(O)=O,1,5.171167214342505,0,0,0,0
Ibuprofen_41,CC(C)Cc1ccc(cc1)C(C)C(O)=O,0,7.054710282574776,0,0,0,0
Ibuprofen_42,CC(C)Cc1ccc(cc1)C(C)C(O)=O,1,7.608195144644721,0,0,0,0
Ibuprofen_43,CC(C)Cc1ccc(cc1)C(C)C(O)=O,1,6.484590991839754,1,1,0,0
Ibuprofen_44,CC(C)Cc1ccc(cc1)C(C)C(O)=O,1,5.794089037249376,0,0,1,0
Ibuprofen_45,CC(C)Cc1ccc(cc1)C(C)C(O)=O,1,7.798615534132637,0,0,0,0
Ibuprofen_46,CC(C)Cc1ccc(cc1)C(C)C(O)=O,0,5.928010792211708,0,0,0,0
Ibuprofen_47,CC(C)Cc1ccc(cc1)C(C)C(O)=O,1,8.916698160529839,0,0,0,0
Ibuprofen_48,CC(C)Cc1ccc(cc1)C(C)C(O)=O,1,8.312265437986653,0,0,0,0
Ibuprofen_49,CC(C)Cc1ccc(cc1)C(C)C(O)=O,1,5.343104657182277,0,0,0,0
Ibuprofen_50,CC(C)Cc1ccc(cc1)C(C)C(O)=O,1,5.942015051011442,0,0,0,1
Ibuprofen_51,CC(C)Cc1ccc(cc1)C(C)C(O)=O,1,6.582537490999757,1,0,0,0
Ibuprofen_52,CC(C)Cc1ccc(cc1)C(C)C(O)=O,0,6.528497945823413,0,0,0,0
Ibuprofen_53,CC(C)Cc1ccc(cc1)C(C)C(O)=O,1,7.847160369576649,0,0,0,0
Ibuprofen_54,CC(C)Cc1ccc(cc1)C(C)C(O)=O,1,5.5502741688159425,0,0,0,0
Ibuprofen_55,CC(C)Cc1ccc(cc1)C(C)C(O)=O,1,7.585665532294595,0,0,1,1
Ibuprofen_56,CC(C)Cc1ccc(cc1)C(C)C(O)=O,1,7.14926058004297,0,0,1,0
Ibuprofen_57,CC(C)Cc1ccc(cc1)C(C)C(O)=O,0,6.263012648322007,0,0,0,0
Ibuprofen_58,CC(C)Cc1ccc(cc1)C(C)C(O)=O,1,6.251369286758469,0,0,0,0
Ibuprofen_59,CC(C)Cc1ccc(cc1)C(C)C(O)=O,1,8.928024129843486,0,0,0,0
Ibuprofen_60,CC(C)Cc1ccc(cc1)C(C)C(O)=O,1,6.427365117657491,1,0,1,0
Ibuprofen_61,CC(C)Cc1ccc(cc1)C(C)C(O)=O,1,8.814220051637175,0,0,0,0
Ibuprofen_62,CC(C)Cc1ccc(cc1)C(C)C(O)=O,0,8.417096590036225,0,0,1,1
Ibuprofen_63,CC(C)Cc1ccc(cc1)C(C)C(O)=O,1,8.073019872286915,0,0,0,1
Ibuprofen_64,CC(C)Cc1ccc(cc1)C(C)C(O)=O,1,5.44389317415725,0,0,0,0
Ibuprofen_65,CC(C)Cc1ccc(cc1)C(C)C(O)=O,0,7.759667732301534,0,0,0,0
Ibuprofen_66,CC(C)Cc1ccc(cc1)C(C)C(O)=O,0,6.702601429000007,0,0,0,1
Ibuprofen_67,CC(C)Cc1ccc(cc1)C(C)C(O)=O,1,6.738821425599458,0,0,0,0
Ibuprofen_68,CC(C)Cc1ccc(cc1)C(C)C(O)=O,1,5.72692488828014,0,1,0,0
Ibuprofen_69,CC(C)Cc1ccc(cc1)C(C)C(O)=O,1,7.061184849433664,0,0,0,0
Ibuprofen_70,CC(C)Cc1ccc(cc1)C(C)C(O)=O,1,8.266992490100572,0,0,0,0
Ibuprofen_71,CC(C)Cc1ccc(cc1)C(C)C(O)=O,1,7.371231581078828,0,0,0,0
Ibuprofen_72,CC(C)Cc1ccc(cc1)C(C)C(O)=O,1,6.759280022300276,0,0,0,0
Ibuprofen_73,CC(C)Cc1ccc(cc1)C(C)C(O)=O,1,5.897519458371274,0,0,1,0
Ibuprofen_74,CC(C)Cc1ccc(cc1)C(C)C(O)=O,1,8.523020440238618,0,0,0,0
Ibuprofen_75,CC(C)Cc1ccc(cc1)C(C)C(O)=O,1,5.044683698889635,0,0,0,0
Ibuprofen_76,CC(C)Cc1ccc(cc1)C(C)C(O)=O,1,6.491643618399975,0,0,0,0
Ibuprofen_77,CC(C)Cc1ccc(cc1)C(C)C(O)=O,0,5.5150963864425115,0,0,1,0
Ibuprofen_78,CC(C)Cc1ccc(cc1)C(C)C(O)=O,1,6.831220028763497,0,0,0,1
Ibuprofen_79,CC(C)Cc1ccc(cc1)C(C)C(O)=O,1,6.823333838756538,0,0,0,0
Ibuprofen_80,CC(C)Cc1ccc(cc1)C(C)C(O)=O,0,7.667059793575917,1,0,0,0
Ibuprofen_81,CC(C)Cc1ccc(cc1)C(C)C(O)=O,1,6.615302619979443,0,0,0,0
Ibuprofen_82,CC(C)Cc1ccc(cc1)C(C)C(O)=O,1,5.431405971901865,0,0,0,0
Ibuprofen_83,CC(C)Cc1ccc(cc1)C(C)C(O)=O,1,5.834118535411388,0,0,0,0
Ibuprofen_84,CC(C)Cc1ccc(cc1)C(C)C(O)=O,1,6.155394860942751,0,0,1,0
Ibuprofen_85,CC(C)Cc1ccc(cc1)C(C)C(O)=O,0,6.627123338046858,1,0,0,0
Ibuprofen_86,CC(C)Cc1ccc(cc1)C(C)C(O)=O,0,8.119492112396184,0,0,1,0
Ibuprofen_87,CC(C)Cc1ccc(cc1)C(C)C(O)=O,1,8.900250231793159,1,0,1,0
Ibuprofen_88,CC(C)Cc1ccc(cc1)C(C)C(O)=O,1,6.6925015804404335,0,1,0,0
Ibuprofen_89,CC(C)Cc1ccc(cc1)C(C)C(O)=O,1,7.41696536762581,0,0,0,0
Ibuprofen_90,CC(C)Cc1ccc(cc1)C(C)C(O)=O,1,6.635532553996616,1,0,0,0
Ibuprofen_91,CC(C)Cc1ccc(cc1)C(C)C(O)=O,1,5.174712470259008,1,0,0,0
Ibuprofen_92,CC(C)Cc1ccc(cc1)C(C)C(O)=O,1,5.900203227285088,0,0,1,0
Ibuprofen_93,CC(C)Cc1ccc(cc1)C(C)C(O)=O,1,7.878060631444748,0,0,0,1
Ibuprofen_94,CC(C)Cc1ccc(cc1)C(C)C(O)=O,0,6.535591166375373,0,0,0,0
Ibuprofen_95,CC(C)Cc1ccc(cc1)C(C)C(O)=O,0,8.211210632653577,0,0,1,0
Ibuprofen_96,CC(C)Cc1ccc(cc1)C(C)C(O)=O,1,6.994014624802883,0,1,0,0
Ibuprofen_97,CC(C)Cc1ccc(cc1)C(C)C(O)=O,0,7.521297429378187,0,0,1,0
Ibuprofen_98,CC(C)Cc1ccc(cc1)C(C)C(O)=O,1,5.553293898430395,1,0,0,0
Ibuprofen_99,CC(C)Cc1ccc(cc1)C(C)C(O)=O,1,6.20725152071269,0,0,0,0
Aspirin_0,CC(=O)Oc1ccccc1C(O)=O,1,6.531633476170955,0,0,0,0
Aspirin_1,CC(=O)Oc1ccccc1C(O)=O,1,5.302784802117982,1,0,0,0
Aspirin_2,CC(=O)Oc1ccccc1C(O)=O,1,6.019297768690773,0,0,0,0
Aspirin_3,CC(=O)Oc1ccccc1C(O)=O,0,6.400774134570602,0,0,0,0
Aspirin_4,CC(=O)Oc1ccccc1C(O)=O,1,5.069360319101033,0,1,1,0
Aspirin_5,CC(=O)Oc1ccccc1C(O)=O,1,8.27319332138155,0,0,0,0
Aspirin_6,CC(=O)Oc1ccccc1C(O)=O,1,6.334599947746177,0,0,0,0
Aspirin_7,CC(=O)Oc1ccccc1C(O)=O,0,7.272835088073107,0,0,1,0
Aspirin_8,CC(=O)Oc1ccccc1C(O)=O,1,5.159207137184268,0,0,0,1
Aspirin_9,CC(=O)Oc1ccccc1C(O)=O,0,6.180009760734438,1,0,1,0
Aspirin_10,CC(=O)Oc1ccccc1C(O)=O,1,6.1205532611100395,1,0,0,0
Aspirin_11,CC(=O)Oc1ccccc1C(O)=O,0,5.647333276942198,1,0,0,0
Aspirin_12,CC(=O)Oc1ccccc1C(O)=O,0,7.349050326782983,1,0,0,0
Aspirin_13,CC(=O)Oc1ccccc1C(O)=O,1,7.772338059900579,0,0,0,0
Aspirin_14,CC(=O)Oc1ccccc1C(O)=O,1,8.973407966113157,0,0,0,0
Aspirin_15,CC(=O)Oc1ccccc1C(O)=O,0,8.290790908620966,0,0,0,0
Aspirin_16,CC(=O)Oc1ccccc1C(O)=O,0,5.918897350092953,0,0,0,0
Aspirin_17,CC(=O)Oc1ccccc1C(O)=O,1,5.326786533048922,0,0,0,0
Aspirin_18,CC(=O)Oc1ccccc1C(O)=O,1,5.530562341862659,1,0,0,0
Aspirin_19,CC(=O)Oc1ccccc1C(O)=O,1,8.729879315599767,1,0,1,0
Aspirin_20,CC(=O)Oc1ccccc1C(O)=O,1,7.397846686429102,0,0,0,0
Aspirin_21,CC(=O)Oc1ccccc1C(O)=O,1,7.45161887485518,0,0,0,1
Aspirin_22,CC(=O)Oc1ccccc1C(O)=O,0,7.856985797587534,0,0,0,0
Aspirin_23,CC(=O)Oc1ccccc1C(O)=O,1,7.393131297127669,0,0,0,0
Aspirin_24,CC(=O)Oc1ccccc1C(O)=O,0,6.126866357519772,0,0,1,0
Aspirin_25,CC(=O)Oc1ccccc1C(O)=O,1,5.759161812018541,1,0,0,0
Aspirin_26,CC(=O)Oc1ccccc1C(O)=O,1,5.596243229096351,1,0,0,1
Aspirin_27,CC(=O)Oc1ccccc1C(O)=O,1,5.205091471055889,1,0,0,1
Aspirin_28,CC(=O)Oc1ccccc1C(O)=O,1,7.07035065035973,1,0,1,0
Aspirin_29,CC(=O)Oc1ccccc1C(O)=O,0,6.416082847616478,0,0,0,0
Aspirin_30,CC(=O)Oc1ccccc1C(O)=O,0,7.189380528098187,0,0,0,0
Aspirin_31,CC(=O)Oc1ccccc1C(O)=O,1,7.622341716044875,0,0,1,0
Aspirin_32,CC(=O)Oc1ccccc1C(O)=O,1,6.875259282605564,0,0,0,0
Aspirin_33,CC(=O)Oc1ccccc1C(O)=O,1,8.420595146201205,0,0,0,0
Aspirin_34,CC(=O)Oc1ccccc1C(O)=O,1,7.00320076130219,0,1,0,0
Aspirin_35,CC(=O)Oc1ccccc1C(O)=O,1,7.344978634670248,0,0,0,0
Aspirin_36,CC(=O)Oc1ccccc1C(O)=O,1,8.459992436023061,0,0,0,0
Aspirin_37,CC(=O)Oc1ccccc1C(O)=O,1,7.52250397142614,0,0,0,0
Aspirin_38,CC(=O)Oc1ccccc1C(O)=O,1,8.99798401789106,0,0,1,1
Aspirin_39,CC(=O)Oc1ccccc1C(O)=O,0,6.144220187883455,1,0,1,0
Aspirin_40,CC(=O)Oc1ccccc1C(O)=O,1,6.930391186837707,0,1,0,0
Aspirin_41,CC(=O)Oc1ccccc1C(O)=O,1,5.357386157293352,0,0,0,0
Aspirin_42,CC(=O)Oc1ccccc1C(O)=O,1,8.168088261247856,0,0,0,0
Aspirin_43,CC(=O)Oc1ccccc1C(O)=O,0,8.060336658646692,0,0,0,0
Aspirin_44,CC(=O)Oc1ccccc1C(O)=O,1,5.807359910563638,0,0,0,0
Aspirin_45,CC(=O)Oc1ccccc1C(O)=O,1,5.0093259294672565,0,0,0,0
Aspirin_46,CC(=O)Oc1ccccc1C(O)=O,1,6.4354710291500155,1,0,0,0
Aspirin_47,CC(=O)Oc1ccccc1C(O)=O,1,6.321138166320539,0,0,0,0
Aspirin_48,CC(=O)Oc1ccccc1C(O)=O,0,7.775434206190135,0,0,0,0
Aspirin_49,CC(=O)Oc1ccccc1C(O)=O,1,6.275947741026492,1,0,0,0
Aspirin_50,CC(=O)Oc1ccccc1C(O)=O,1,6.686119671319526,0,1,0,1
Aspirin_51,CC(=O)Oc1ccccc1C(O)=O,1,7.890830598407412,0,0,0,0
Aspirin_52,CC(=O)Oc1ccccc1C(O)=O,1,5.519049115336936,1,0,0,0
Aspirin_53,CC(=O)Oc1ccccc1C(O)=O,1,5.932394577823294,0,0,0,0
Aspirin_54,CC(=O)Oc1ccccc1C(O)=O,1,5.7383067043512686,1,0,0,1
Aspirin_55,CC(=O)Oc1ccccc1C(O)=O,1,6.114120468676511,0,1,0,1
Aspirin_56,CC(=O)Oc1ccccc1C(O)=O,0,8.214135677235497,1,0,0,1
Aspirin_57,CC(=O)Oc1ccccc1C(O)=O,1,5.4145752613712865,1,0,0,0
Aspirin_58,CC(=O)Oc1ccccc1C(O)=O,1,7.169799828578935,0,0,0,0
Aspirin_59,CC(=O)Oc1ccccc1C(O)=O,1,8.442342821846756,1,0,0,0
Aspirin_60,CC(=O)Oc1ccccc1C(O)=O,1,6.381888454047734,0,0,0,0
Aspirin_61,CC(=O)Oc1ccccc1C(O)=O,0,8.477162843096245,0,0,0,0
Aspirin_62,CC(=O)Oc1ccccc1C(O)=O,1,7.512937890055799,0,0,0,1
Aspirin_63,CC(=O)Oc1ccccc1C(O)=O,0,8.292392281679506,0,0,0,0
Aspirin_64,CC(=O)Oc1ccccc1C(O)=O,1,5.5172661993555945,0,0,1,0
Aspirin_65,CC(=O)Oc1ccccc1C(O)=O,1,6.859871281176798,0,0,0,0
Aspirin_66,CC(=O)Oc1ccccc1C(O)=O,0,8.722293487942164,0,0,1,0
Aspirin_67,CC(=O)Oc1ccccc1C(O)=O,1,6.598445948915739,0,0,0,1
Aspirin_68,CC(=O)Oc1ccccc1C(O)=O,1,7.776103209387436,0,0,1,0
Aspirin_69,CC(=O)Oc1ccccc1C(O)=O,0,7.082990452951956,1,0,0,1
Aspirin_70,CC(=O)Oc1ccccc1C(O)=O,0,5.260363859796709,0,0,1,0
Aspirin_71,CC(=O)Oc1ccccc1C(O)=O,1,7.712695225305138,0,0,1,1
Aspirin_72,CC(=O)Oc1ccccc1C(O)=O,1,6.222999914187779,0,0,0,0
Aspirin_73,CC(=O)Oc1ccccc1C(O)=O,1,7.715346528662801,0,0,0,0
Aspirin_74,CC(=O)Oc1ccccc1C(O)=O,0,6.643190776409245,0,0,0,1
Aspirin_75,CC(=O)Oc1ccccc1C(O)=O,1,7.9078069571003144,0,0,0,0
Aspirin_76,CC(=O)Oc1ccccc1C(O)=O,1,5.779555835223741,1,1,1,0
Aspirin_77,CC(=O)Oc1ccccc1C(O)=O,1,8.08315536184438,0,0,0,0
Aspirin_78,CC(=O)Oc1ccccc1C(O)=O,0,8.031925834202964,0,0,0,0
Aspirin_79,CC(=O)Oc1ccccc1C(O)=O,1,8.827520240980911,0,0,0,0
Aspirin_80,CC(=O)Oc1ccccc1C(O)=O,0,6.768604181372991,0,0,0,0
Aspirin_81,CC(=O)Oc1ccccc1C(O)=O,1,7.1809111510095125,0,0,1,0
Aspirin_82,CC(=O)Oc1ccccc1C(O)=O,1,7.4205151869505155,1,0,0,1
Aspirin_83,CC(=O)Oc1ccccc1C(O)=O,1,7.591346587157658,1,0,0,0
Aspirin_84,CC(=O)Oc1ccccc1C(O)=O,1,5.843973568314458,1,0,0,0
Aspirin_85,CC(=O)Oc1ccccc1C(O)=O,1,6.188276800175338,0,0,0,0
Aspirin_86,CC(=O)Oc1ccccc1C(O)=O,1,7.670281122552401,1,0,0,1
Aspirin_87,CC(=O)Oc1ccccc1C(O)=O,0,6.428223921480957,0,0,0,0
Aspirin_88,CC(=O)Oc1ccccc1C(O)=O,1,6.621978034970115,0,0,0,1
Aspirin_89,CC(=O)Oc1ccccc1C(O)=O,1,5.571305825194125,0,0,1,0
Aspirin_90,CC(=O)Oc1ccccc1C(O)=O,0,7.359049713405376,0,1,0,0
Aspirin_91,CC(=O)Oc1ccccc1C(O)=O,1,5.4164728070778505,0,0,1,0
Aspirin_92,CC(=O)Oc1ccccc1C(O)=O,0,6.261905561864415,0,1,0,1
Aspirin_93,CC(=O)Oc1ccccc1C(O)=O,1,7.311313068612522,1,0,0,1
Aspirin_94,CC(=O)Oc1ccccc1C(O)=O,1,7.292753502716895,0,0,0,1
Aspirin_95,CC(=O)Oc1ccccc1C(O)=O,1,6.15631821073681,1,1,1,0
Aspirin_96,CC(=O)Oc1ccccc1C(O)=O,1,6.464125491040206,0,0,0,0
Aspirin_97,CC(=O)Oc1ccccc1C(O)=O,1,5.416723184981054,0,0,0,0
Aspirin_98,CC(=O)Oc1ccccc1C(O)=O,1,6.748209841434956,1,0,0,0
Aspirin_99,CC(=O)Oc1ccccc1C(O)=O,0,8.544493036842207,0,0,0,0
Caffeine_0,CN1C=NC2=C1C(=O)N(C(=O)N2C)C,1,5.325829154970006,1,0,0,0
Caffeine_1,CN1C=NC2=C1C(=O)N(C(=O)N2C)C,1,8.88637531248138,0,1,0,0
Caffeine_2,CN1C=NC2=C1C(=O)N(C(=O)N2C)C,1,7.78292281336816,0,0,0,0
Caffeine_3,CN1C=NC2=C1C(=O)N(C(=O)N2C)C,1,6.259480234089135,1,0,0,0
Caffeine_4,CN1C=NC2=C1C(=O)N(C(=O)N2C)C,1,7.510638476421773,0,0,0,0
Caffeine_5,CN1C=NC2=C1C(=O)N(C(=O)N2C)C,1,7.922368134026106,1,0,0,0
Caffeine_6,CN1C=NC2=C1C(=O)N(C(=O)N2C)C,1,8.638971134870811,1,0,0,0
Caffeine_7,CN1C=NC2=C1C(=O)N(C(=O)N2C)C,1,5.604143797694279,1,0,0,0
Caffeine_8,CN1C=NC2=C1C(=O)N(C(=O)N2C)C,1,8.071433933448048,0,0,0,0
Caffeine_9,CN1C=NC2=C1C(=O)N(C(=O)N2C)C,1,6.310679256210337,1,0,0,0
Caffeine_10,CN1C=NC2=C1C(=O)N(C(=O)N2C)C,1,6.375454569589779,1,0,0,0
Caffeine_11,CN1C=NC2=C1C(=O)N(C(=O)N2C)C,1,6.547107756587823,0,0,0,0
Caffeine_12,CN1C=NC2=C1C(=O)N(C(=O)N2C)C,1,5.727899565592305,0,0,0,0
Caffeine_13,CN1C=NC2=C1C(=O)N(C(=O)N2C)C,1,7.146626553075718,0,0,1,0
Caffeine_14,CN1C=NC2=C1C(=O)N(C(=O)N2C)C,1,7.306196960607456,0,0,0,0
Caffeine_15,CN1C=NC2=C1C(=O)N(C(=O)N2C)C,1,7.17412803090337,0,0,0,1
Caffeine_16,CN1C=NC2=C1C(=O)N(C(=O)N2C)C,1,8.684333445568875,1,0,0,0
Caffeine_17,CN1C=NC2=C1C(=O)N(C(=O)N2C)C,1,5.010095914261482,0,0,0,1
Caffeine_18,CN1C=NC2=C1C(=O)N(C(=O)N2C)C,0,7.9204518019213825,0,0,0,0
Caffeine_19,CN1C=NC2=C1C(=O)N(C(=O)N2C)C,1,5.98577455022868,0,0,0,0
Caffeine_20,CN1C=NC2=C1C(=O)N(C(=O)N2C)C,1,6.9406137431191075,0,0,0,0
Caffeine_21,CN1C=NC2=C1C(=O)N(C(=O)N2C)C,1,6.777866410599136,0,0,0,0
Caffeine_22,CN1C=NC2=C1C(=O)N(C(=O)N2C)C,1,6.787760109611407,0,0,0,1
Caffeine_23,CN1C=NC2=C1C(=O)N(C(=O)N2C)C,1,8.492444024044875,0,1,0,0
Caffeine_24,CN1C=NC2=C1C(=O)N(C(=O)N2C)C,1,8.962746638726099,0,0,0,0
Caffeine_25,CN1C=NC2=C1C(=O)N(C(=O)N2C)C,1,7.000437874139981,0,0,0,0
Caffeine_26,CN1C=NC2=C1C(=O)N(C(=O)N2C)C,1,6.362169837106059,0,0,0,0
Caffeine_27,CN1C=NC2=C1C(=O)N(C(=O)N2C)C,1,7.664213688068715,0,0,0,0
Caffeine_28,CN1C=NC2=C1C(=O)N(C(=O)N2C)C,1,6.529623086479736,0,0,0,1
Caffeine_29,CN1C=NC2=C1C(=O)N(C(=O)N2C)C,0,8.498299480314845,0,0,0,0
Caffeine_30,CN1C=NC2=C1C(=O)N(C(=O)N2C)C,1,7.447612410864874,0,0,0,0
Caffeine_31,CN1C=NC2=C1C(=O)N(C(=O)N2C)C,0,6.91684904568571,0,0,1,0
Caffeine_32,CN1C=NC2=C1C(=O)N(C(=O)N2C)C,1,5.409411683792093,1,1,0,0
Caffeine_33,CN1C=NC2=C1C(=O)N(C(=O)N2C)C,1,8.579550406021395,1,0,0,1
Caffeine_34,CN1C=NC2=C1C(=O)N(C(=O)N2C)C,1,7.710846484846941,1,0,1,0
Caffeine_35,CN1C=NC2=C1C(=O)N(C(=O)N2C)C,1,7.174740153196144,0,0,0,0
Caffeine_36,CN1C=NC2=C1C(=O)N(C(=O)N2C)C,1,7.8072992866633175,1,0,0,1
Caffeine_37,CN1C=NC2=C1C(=O)N(C(=O)N2C)C,1,8.83809093690653,0,0,0,0
Caffeine_38,CN1C=NC2=C1C(=O)N(C(=O)N2C)C,1,8.82133379763368,0,0,1,0
Caffeine_39,CN1C=NC2=C1C(=O)N(C(=O)N2C)C,0,6.71800659160496,0,0,0,0
Caffeine_40,CN1C=NC2=C1C(=O)N(C(=O)N2C)C,0,8.593229102126305,0,0,0,0
Caffeine_41,CN1C=NC2=C1C(=O)N(C(=O)N2C)C,1,5.86552378613593,1,0,0,0
Caffeine_42,CN1C=NC2=C1C(=O)N(C(=O)N2C)C,1,6.151739583712816,0,0,0,0
Caffeine_43,CN1C=NC2=C1C(=O)N(C(=O)N2C)C,1,5.294210387057269,0,0,1,0
Caffeine_44,CN1C=NC2=C1C(=O)N(C(=O)N2C)C,1,5.255406062722873,0,0,0,0
Caffeine_45,CN1C=NC2=C1C(=O)N(C(=O)N2C)C,1,7.636538230076552,0,0,0,0
Caffeine_46,CN1C=NC2=C1C(=O)N(C(=O)N2C)C,1,7.93459157749233,0,0,0,0
Caffeine_47,CN1C=NC2=C1C(=O)N(C(=O)N2C)C,0,6.024421826917498,0,0,0,1
Caffeine_48,CN1C=NC2=C1C(=O)N(C(=O)N2C)C,1,6.508688840958744,0,0,0,0
Caffeine_49,CN1C=NC2=C1C(=O)N(C(=O)N2C)C,0,8.114269863177514,0,0,0,0
Caffeine_50,CN1C=NC2=C1C(=O)N(C(=O)N2C)C,0,6.221146528012762,0,0,1,0
Caffeine_51,CN1C=NC2=C1C(=O)N(C(=O)N2C)C,0,5.498543909237588,0,0,0,0
Caffeine_52,CN1C=NC2=C1C(=O)N(C(=O)N2C)C,1,5.96938326101715,0,0,1,0
Caffeine_53,CN1C=NC2=C1C(=O)N(C(=O)N2C)C,0,7.647817923153763,1,0,0,0
Caffeine_54,CN1C=NC2=C1C(=O)N(C(=O)N2C)C,1,8.613392429606336,1,0,0,0
Caffeine_55,CN1C=NC2=C1C(=O)N(C(=O)N2C)C,1,6.551277593825704,0,0,1,0
Caffeine_56,CN1C=NC2=C1C(=O)N(C(=O)N2C)C,1,6.896216452857281,0,0,1,0
Caffeine_57,CN1C=NC2=C1C(=O)N(C(=O)N2C)C,0,5.620394846547077,0,0,0,1
Caffeine_58,CN1C=NC2=C1C(=O)N(C(=O)N2C)C,1,5.11212837316849,1,1,0,0
Caffeine_59,CN1C=NC2=C1C(=O)N(C(=O)N2C)C,1,7.797599921999988,0,0,0,0
Caffeine_60,CN1C=NC2=C1C(=O)N(C(=O)N2C)C,0,8.000857905414584,0,1,0,0
Caffeine_61,CN1C=NC2=C1C(=O)N(C(=O)N2C)C,0,8.856405758016097,1,1,0,0
Caffeine_62,CN1C=NC2=C1C(=O)N(C(=O)N2C)C,1,8.151670432264767,0,0,0,0
Caffeine_63,CN1C=NC2=C1C(=O)N(C(=O)N2C)C,1,6.526314791759893,0,1,0,0
Caffeine_64,CN1C=NC2=C1C(=O)N(C(=O)N2C)C,1,5.415018137337665,0,0,0,0
Caffeine_65,CN1C=NC2=C1C(=O)N(C(=O)N2C)C,1,7.5571316971012905,0,0,0,0
Caffeine_66,CN1C=NC2=C1C(=O)N(C(=O)N2C)C,1,5.995567542784324,0,0,0,0
Caffeine_67,CN1C=NC2=C1C(=O)N(C(=O)N2C)C,1,5.39770420133373,1,0,0,0
Caffeine_68,CN1C=NC2=C1C(=O)N(C(=O)N2C)C,1,8.97733669714948,1,0,0,1
Caffeine_69,CN1C=NC2=C1C(=O)N(C(=O)N2C)C,1,5.1659207318119424,0,0,0,1
Caffeine_70,CN1C=NC2=C1C(=O)N(C(=O)N2C)C,1,8.259808809206216,0,0,0,0
Caffeine_71,CN1C=NC2=C1C(=O)N(C(=O)N2C)C,0,5.910158802440536,0,0,0,0
Caffeine_72,CN1C=NC2=C1C(=O)N(C(=O)N2C)C,0,8.913311333962191,0,0,1,1
Caffeine_73,CN1C=NC2=C1C(=O)N(C(=O)N2C)C,0,5.74091534660124,0,0,0,0
Caffeine_74,CN1C=NC2=C1C(=O)N(C(=O)N2C)C,1,8.328099667892555,1,0,0,0
Caffeine_75,CN1C=NC2=C1C(=O)N(C(=O)N2C)C,0,6.473471335151199,0,0,1,0
Caffeine_76,CN1C=NC2=C1C(=O)N(C(=O)N2C)C,1,5.265373121131204,0,0,0,0
Caffeine_77,CN1C=NC2=C1C(=O)N(C(=O)N2C)C,1,8.367338475912398,0,0,1,1
Caffeine_78,CN1C=NC2=C1C(=O)N(C(=O)N2C)C,1,6.076947810457572,0,0,0,0
Caffeine_79,CN1C=NC2=C1C(=O)N(C(=O)N2C)C,1,8.410534011748522,0,0,1,0
Caffeine_80,CN1C=NC2=C1C(=O)N(C(=O)N2C)C,1,6.452354487275025,0,0,0,1
Caffeine_81,CN1C=NC2=C1C(=O)N(C(=O)N2C)C,1,5.621006279772766,0,0,0,1
Caffeine_82,CN1C=NC2=C1C(=O)N(C(=O)N2C)C,1,5.874011554769212,0,0,0,0
Caffeine_83,CN1C=NC2=C1C(=O)N(C(=O)N2C)C,1,6.668432780870049,0,0,0,0
Caffeine_84,CN1C=NC2=C1C(=O)N(C(=O)N2C)C,1,6.173546850468736,0,0,0,0
Caffeine_85,CN1C=NC2=C1C(=O)N(C(=O)N2C)C,1,7.0853763187873975,0,0,0,0
Caffeine_86,CN1C=NC2=C1C(=O)N(C(=O)N2C)C,1,8.127316802916903,0,0,1,1
Caffeine_87,CN1C=NC2=C1C(=O)N(C(=O)N2C)C,1,7.860969222900595,0,0,0,0
Caffeine_88,CN1C=NC2=C1C(=O)N(C(=O)N2C)C,1,5.611460560033893,0,0,0,0
Caffeine_89,CN1C=NC2=C1C(=O)N(C(=O)N2C)C,1,7.7606763277981,0,1,0,0
Caffeine_90,CN1C=NC2=C1C(=O)N(C(=O)N2C)C,1,5.99008509827058,1,0,0,0
Caffeine_91,CN1C=NC2=C1C(=O)N(C(=O)N2C)C,1,5.161682618097613,1,0,0,0
Caffeine_92,CN1C=NC2=C1C(=O)N(C(=O)N2C)C,1,5.727618331324681,0,0,0,0
Caffeine_93,CN1C=NC2=C1C(=O)N(C(=O)N2C)C,0,6.689124797520522,1,0,0,1
Caffeine_94,CN1C=NC2=C1C(=O)N(C(=O)N2C)C,1,7.3377568889786335,0,0,0,0
Caffeine_95,CN1C=NC2=C1C(=O)N(C(=O)N2C)C,1,5.357079464710834,0,1,0,0
Caffeine_96,CN1C=NC2=C1C(=O)N(C(=O)N2C)C,1,8.543665359168923,0,1,1,0
Caffeine_97,CN1C=NC2=C1C(=O)N(C(=O)N2C)C,1,7.13661903093698,1,0,0,0
Caffeine_98,CN1C=NC2=C1C(=O)N(C(=O)N2C)C,1,7.125057550340179,0,0,0,0
Caffeine_99,CN1C=NC2=C1C(=O)N(C(=O)N2C)C,1,8.693933887124967,0,0,0,0
Diazepam_0,CN1C(=O)CN=C(c2ccccc2)c2cc(Cl)ccc12,1,8.985387619502475,0,0,0,0
Diazepam_1,CN1C(=O)CN=C(c2ccccc2)c2cc(Cl)ccc12,1,6.592170740078544,1,0,0,0
Diazepam_2,CN1C(=O)CN=C(c2ccccc2)c2cc(Cl)ccc12,0,6.13359197526319,0,1,0,1
Diazepam_3,CN1C(=O)CN=C(c2ccccc2)c2cc(Cl)ccc12,1,5.855933058830466,1,0,0,0
Diazepam_4,CN1C(=O)CN=C(c2ccccc2)c2cc(Cl)ccc12,0,5.1057300759248125,0,0,1,0
Diazepam_5,CN1C(=O)CN=C(c2ccccc2)c2cc(Cl)ccc12,1,7.209976874215668,0,0,0,0
Diazepam_6,CN1C(=O)CN=C(c2ccccc2)c2cc(Cl)ccc12,0,7.547133791403378,0,0,0,0
Diazepam_7,CN1C(=O)CN=C(c2ccccc2)c2cc(Cl)ccc12,1,6.541424425253462,1,0,1,0
Diazepam_8,CN1C(=O)CN=C(c2ccccc2)c2cc(Cl)ccc12,1,7.404954983682654,0,0,1,0
Diazepam_9,CN1C(=O)CN=C(c2ccccc2)c2cc(Cl)ccc12,1,8.6890248267864,1,0,0,0
Diazepam_10,CN1C(=O)CN=C(c2ccccc2)c2cc(Cl)ccc12,1,6.861423278315605,0,0,0,1
Diazepam_11,CN1C(=O)CN=C(c2ccccc2)c2cc(Cl)ccc12,1,7.654806084601046,0,0,0,1
Diazepam_12,CN1C(=O)CN=C(c2ccccc2)c2cc(Cl)ccc12,0,5.210820293346234,0,0,0,0
Diazepam_13,CN1C(=O)CN=C(c2ccccc2)c2cc(Cl)ccc12,1,5.055604359714735,1,0,0,0
Diazepam_14,CN1C(=O)CN=C(c2ccccc2)c2cc(Cl)ccc12,0,8.510513115996822,0,0,0,0
Diazepam_15,CN1C(=O)CN=C(c2ccccc2)c2cc(Cl)ccc12,1,7.969724368685659,0,0,0,0
Diazepam_16,CN1C(=O)CN=C(c2ccccc2)c2cc(Cl)ccc12,1,6.168577389102419,0,0,1,0
Diazepam_17,CN1C(=O)CN=C(c2ccccc2)c2cc(Cl)ccc12,1,7.077333374191689,0,0,0,0
Diazepam_18,CN1C(=O)CN=C(c2ccccc2)c2cc(Cl)ccc12,0,5.703964049317653,0,0,0,1
Diazepam_19,CN1C(=O)CN=C(c2ccccc2)c2cc(Cl)ccc12,1,8.519276702649229,1,0,0,0
Diazepam_20,CN1C(=O)CN=C(c2ccccc2)c2cc(Cl)ccc12,1,5.891537592203337,1,0,0,0
Diazepam_21,CN1C(=O)CN=C(c2ccccc2)c2cc(Cl)ccc12,1,8.038755298921362,0,0,1,0
Diazepam_22,CN1C(=O)CN=C(c2ccccc2)c2cc(Cl)ccc12,1,5.846422116860129,1,0,0,0
Diazepam_23,CN1C(=O)CN=C(c2ccccc2)c2cc(Cl)ccc12,1,5.590354387890885,0,0,0,0
Diazepam_24,CN1C(=O)CN=C(c2ccccc2)c2cc(Cl)ccc12,0,5.125837975110146,0,0,1,1
Diazepam_25,CN1C(=O)CN=C(c2ccccc2)c2cc(Cl)ccc12,0,7.528945666872739,0,0,0,0
Diazepam_26,CN1C(=O)CN=C(c2ccccc2)c2cc(Cl)ccc12,1,8.66033008253547,1,0,0,0
Diazepam_27,CN1C(=O)CN=C(c2ccccc2)c2cc(Cl)ccc12,1,5.255240330374015,0,0,0,0
Diazepam_28,CN1C(=O)CN=C(c2ccccc2)c2cc(Cl)ccc12,0,5.596828100568812,0,0,0,1
Diazepam_29,CN1C(=O)CN=C(c2ccccc2)c2cc(Cl)ccc12,1,7.993458677408748,0,0,0,0
Diazepam_30,CN1C(=O)CN=C(c2ccccc2)c2cc(Cl)ccc12,1,5.852672110286427,0,0,0,1
Diazepam_31,CN1C(=O)CN=C(c2ccccc2)c2cc(Cl)ccc12,1,5.988435031067903,1,0,1,0
Diazepam_32,CN1C(=O)CN=C(c2ccccc2)c2cc(Cl)ccc12,1,6.75018708971867,1,0,0,0
Diazepam_33,CN1C(=O)CN=C(c2ccccc2)c2cc(Cl)ccc12,0,8.913185258932241,0,0,1,0
Diazepam_34,CN1C(=O)CN=C(c2ccccc2)c2cc(Cl)ccc12,1,8.446680390667439,0,0,0,0
Diazepam_35,CN1C(=O)CN=C(c2ccccc2)c2cc(Cl)ccc12,1,6.367766444379563,0,0,0,0
Diazepam_36,CN1C(=O)CN=C(c2ccccc2)c2cc(Cl)ccc12,0,8.553217907644589,1,0,0,0
Diazepam_37,CN1C(=O)CN=C(c2ccccc2)c2cc(Cl)ccc12,1,7.233616867102224,0,0,0,0
Diazepam_38,CN1C(=O)CN=C(c2ccccc2)c2cc(Cl)ccc12,1,7.0590773199616805,0,0,0,0
Diazepam_39,CN1C(=O)CN=C(c2ccccc2)c2cc(Cl)ccc12,0,5.983418465638135,0,0,0,0
Diazepam_40,CN1C(=O)CN=C(c2ccccc2)c2cc(Cl)ccc12,1,6.454903504275977,0,1,0,0
Diazepam_41,CN1C(=O)CN=C(c2ccccc2)c2cc(Cl)ccc12,1,6.694170867000382,0,0,0,0
Diazepam_42,CN1C(=O)CN=C(c2ccccc2)c2cc(Cl)ccc12,0,8.699813170243468,1,0,0,0
Diazepam_43,CN1C(=O)CN=C(c2ccccc2)c2cc(Cl)ccc12,1,5.086256878183638,0,0,1,0
Diazepam_44,CN1C(=O)CN=C(c2ccccc2)c2cc(Cl)ccc12,1,7.922224935043522,1,0,0,0
Diazepam_45,CN1C(=O)CN=C(c2ccccc2)c2cc(Cl)ccc12,1,5.768429004579184,0,0,0,0
Diazepam_46,CN1C(=O)CN=C(c2ccccc2)c2cc(Cl)ccc12,1,5.428891004897079,1,0,0,0
Diazepam_47,CN1C(=O)CN=C(c2ccccc2)c2cc(Cl)ccc12,1,7.835083474486066,0,0,0,0
Diazepam_48,CN1C(=O)CN=C(c2ccccc2)c2cc(Cl)ccc12,0,5.825542593555094,0,0,0,0
Diazepam_49,CN1C(=O)CN=C(c2ccccc2)c2cc(Cl)ccc12,0,6.007418160563328,1,0,1,0
Diazepam_50,CN1C(=O)CN=C(c2ccccc2)c2cc(Cl)ccc12,1,5.125070185323338,0,0,0,0
Diazepam_51,CN1C(=O)CN=C(c2ccccc2)c2cc(Cl)ccc12,1,7.142191840348309,0,1,0,0
Diazepam_52,CN1C(=O)CN=C(c2ccccc2)c2cc(Cl)ccc12,1,5.760514771617935,0,0,1,0
Diazepam_53,CN1C(=O)CN=C(c2ccccc2)c2cc(Cl)ccc12,1,8.785235538126415,0,0,0,0
Diazepam_54,CN1C(=O)CN=C(c2ccccc2)c2cc(Cl)ccc12,1,7.320720354850936,0,0,0,0
Diazepam_55,CN1C(=O)CN=C(c2ccccc2)c2cc(Cl)ccc12,1,6.662090248669937,1,0,0,0
Diazepam_56,CN1C(=O)CN=C(c2ccccc2)c2cc(Cl)ccc12,1,5.096834482874592,0,0,0,0
Diazepam_57,CN1C(=O)CN=C(c2ccccc2)c2cc(Cl)ccc12,1,6.622513534338674,0,0,0,0
Diazepam_58,CN1C(=O)CN=C(c2ccccc2)c2cc(Cl)ccc12,1,5.4351324693936895,0,0,0,0
Diazepam_59,CN1C(=O)CN=C(c2ccccc2)c2cc(Cl)ccc12,0,7.237428121614705,0,0,0,1
Diazepam_60,CN1C(=O)CN=C(c2ccccc2)c2cc(Cl)ccc12,1,8.925184104481808,1,0,0,0
Diazepam_61,CN1C(=O)CN=C(c2ccccc2)c2cc(Cl)ccc12,1,5.992322778492907,1,0,1,0
Diazepam_62,CN1C(=O)CN=C(c2ccccc2)c2cc(Cl)ccc12,1,7.461097014796248,1,0,0,1
Diazepam_63,CN1C(=O)CN=C(c2ccccc2)c2cc(Cl)ccc12,1,6.229450797521892,0,0,0,0
Diazepam_64,CN1C(=O)CN=C(c2ccccc2)c2cc(Cl)ccc12,1,6.006299626796268,0,1,1,0
Diazepam_65,CN1C(=O)CN=C(c2ccccc2)c2cc(Cl)ccc12,1,6.937573143130452,0,0,0,0
Diazepam_66,CN1C(=O)CN=C(c2ccccc2)c2cc(Cl)ccc12,1,6.293382922262182,0,0,0,0
Diazepam_67,CN1C(=O)CN=C(c2ccccc2)c2cc(Cl)ccc12,1,5.79818316259956,0,0,0,0
Diazepam_68,CN1C(=O)CN=C(c2ccccc2)c2cc(Cl)ccc12,1,8.097131731237752,0,0,0,0
Diazepam_69,CN1C(=O)CN=C(c2ccccc2)c2cc(Cl)ccc12,0,8.78654890575272,1,0,1,0
Diazepam_70,CN1C(=O)CN=C(c2ccccc2)c2cc(Cl)ccc12,1,6.793448591433287,0,0,0,0
Diazepam_71,CN1C(=O)CN=C(c2ccccc2)c2cc(Cl)ccc12,1,6.882005025878028,1,0,0,0
Diazepam_72,CN1C(=O)CN=C(c2ccccc2)c2cc(Cl)ccc12,1,5.04934113493834,0,0,0,0
Diazepam_73,CN1C(=O)CN=C(c2ccccc2)c2cc(Cl)ccc12,1,6.770826366626476,0,0,0,1
Diazepam_74,CN1C(=O)CN=C(c2ccccc2)c2cc(Cl)ccc12,1,8.547972457136867,0,0,1,0
Diazepam_75,CN1C(=O)CN=C(c2ccccc2)c2cc(Cl)ccc12,1,5.195413525140527,1,0,0,0
Diazepam_76,CN1C(=O)CN=C(c2ccccc2)c2cc(Cl)ccc12,1,8.937060758903376,0,1,0,0
Diazepam_77,CN1C(=O)CN=C(c2ccccc2)c2cc(Cl)ccc12,1,5.877808926298637,1,0,0,0
Diazepam_78,CN1C(=O)CN=C(c2ccccc2)c2cc(Cl)ccc12,1,6.589842244857263,1,0,0,0
Diazepam_79,CN1C(=O)CN=C(c2ccccc2)c2cc(Cl)ccc12,1,7.905129759622934,0,0,0,0
Diazepam_80,CN1C(=O)CN=C(c2ccccc2)c2cc(Cl)ccc12,1,5.191968119978776,0,0,0,0
Diazepam_81,CN1C(=O)CN=C(c2ccccc2)c2cc(Cl)ccc12,1,8.104720484944984,1,1,0,0
Diazepam_82,CN1C(=O)CN=C(c2ccccc2)c2cc(Cl)ccc12,1,5.146943546361835,0,0,0,0
Diazepam_83,CN1C(=O)CN=C(c2ccccc2)c2cc(Cl)ccc12,1,8.556519676350339,0,0,1,1
Diazepam_84,CN1C(=O)CN=C(c2ccccc2)c2cc(Cl)ccc12,1,7.284229760210663,0,0,0,0
Diazepam_85,CN1C(=O)CN=C(c2ccccc2)c2cc(Cl)ccc12,1,6.257903651950562,1,0,0,0
Diazepam_86,CN1C(=O)CN=C(c2ccccc2)c2cc(Cl)ccc12,0,8.0100792885478,1,0,0,0
Diazepam_87,CN1C(=O)CN=C(c2ccccc2)c2cc(Cl)ccc12,0,8.55618310752153,0,0,1,0
Diazepam_88,CN1C(=O)CN=C(c2ccccc2)c2cc(Cl)ccc12,1,8.006757745954921,0,0,0,0
Diazepam_89,CN1C(=O)CN=C(c2ccccc2)c2cc(Cl)ccc12,1,5.574921161290273,0,0,0,0
Diazepam_90,CN1C(=O)CN=C(c2ccccc2)c2cc(Cl)ccc12,1,5.181404584032217,0,0,0,1
Diazepam_91,CN1C(=O)CN=C(c2ccccc2)c2cc(Cl)ccc12,0,6.636361158337307,0,0,0,0
Diazepam_92,CN1C(=O)CN=C(c2ccccc2)c2cc(Cl)ccc12,1,8.885538591404304,0,1,1,0
Diazepam_93,CN1C(=O)CN=C(c2ccccc2)c2cc(Cl)ccc12,0,6.013647839405832,0,0,0,0
Diazepam_94,CN1C(=O)CN=C(c2ccccc2)c2cc(Cl)ccc12,1,6.478086438712944,1,0,0,0
Diazepam_95,CN1C(=O)CN=C(c2ccccc2)c2cc(Cl)ccc12,0,7.869987151903259,0,0,1,0
Diazepam_96,CN1C(=O)CN=C(c2ccccc2)c2cc(Cl)ccc12,1,6.552060155216439,0,0,0,0
Diazepam_97,CN1C(=O)CN=C(c2ccccc2)c2cc(Cl)ccc12,1,7.12913060473665,0,0,0,0
Diazepam_98,CN1C(=O)CN=C(c2ccccc2)c2cc(Cl)ccc12,1,8.516316914396011,1,0,0,0
Diazepam_99,CN1C(=O)CN=C(c2ccccc2)c2cc(Cl)ccc12,1,6.4895140802095685,0,0,0,0
Fluoxetine_0,CNCCC(Oc1ccc(cc1)C(F)(F)F)c1ccccc1,1,8.636708949411076,0,0,0,0
Fluoxetine_1,CNCCC(Oc1ccc(cc1)C(F)(F)F)c1ccccc1,1,5.120277793065053,0,0,0,0
Fluoxetine_2,CNCCC(Oc1ccc(cc1)C(F)(F)F)c1ccccc1,1,5.918468563557452,0,1,0,0
Fluoxetine_3,CNCCC(Oc1ccc(cc1)C(F)(F)F)c1ccccc1,0,6.027765911151519,1,0,1,1
Fluoxetine_4,CNCCC(Oc1ccc(cc1)C(F)(F)F)c1ccccc1,1,8.96927377232105,0,1,0,0
Fluoxetine_5,CNCCC(Oc1ccc(cc1)C(F)(F)F)c1ccccc1,1,6.919004398610703,0,0,0,0
Fluoxetine_6,CNCCC(Oc1ccc(cc1)C(F)(F)F)c1ccccc1,1,7.372483502665627,0,0,0,0
Fluoxetine_7,CNCCC(Oc1ccc(cc1)C(F)(F)F)c1ccccc1,1,5.9038394897778925,1,0,0,0
Fluoxetine_8,CNCCC(Oc1ccc(cc1)C(F)(F)F)c1ccccc1,1,8.159192964275103,0,0,0,0
Fluoxetine_9,CNCCC(Oc1ccc(cc1)C(F)(F)F)c1ccccc1,1,8.422906165654336,0,0,0,0
Fluoxetine_10,CNCCC(Oc1ccc(cc1)C(F)(F)F)c1ccccc1,1,6.007972616192005,0,0,1,0
Fluoxetine_11,CNCCC(Oc1ccc(cc1)C(F)(F)F)c1ccccc1,1,7.176030247005576,0,0,0,0
Fluoxetine_12,CNCCC(Oc1ccc(cc1)C(F)(F)F)c1ccccc1,0,7.901136824893399,0,0,0,0
Fluoxetine_13,CNCCC(Oc1ccc(cc1)C(F)(F)F)c1ccccc1,1,5.352616053041687,1,0,0,0
Fluoxetine_14,CNCCC(Oc1ccc(cc1)C(F)(F)F)c1ccccc1,1,6.61134297640711,1,0,0,0
Fluoxetine_15,CNCCC(Oc1ccc(cc1)C(F)(F)F)c1ccccc1,1,7.947653802925512,0,0,0,0
Fluoxetine_16,CNCCC(Oc1ccc(cc1)C(F)(F)F)c1ccccc1,1,8.586045387474806,0,0,0,0
Fluoxetine_17,CNCCC(Oc1ccc(cc1)C(F)(F)F)c1ccccc1,1,8.55023067972683,1,1,0,0
Fluoxetine_18,CNCCC(Oc1ccc(cc1)C(F)(F)F)c1ccccc1,1,6.660776109518526,0,0,0,0
Fluoxetine_19,CNCCC(Oc1ccc(cc1)C(F)(F)F)c1ccccc1,1,8.534405674783963,1,0,0,0
Fluoxetine_20,CNCCC(Oc1ccc(cc1)C(F)(F)F)c1ccccc1,1,5.811354293138426,1,0,1,0
Fluoxetine_21,CNCCC(Oc1ccc(cc1)C(F)(F)F)c1ccccc1,1,7.514752735759647,0,0,1,0
Fluoxetine_22,CNCCC(Oc1ccc(cc1)C(F)(F)F)c1ccccc1,1,6.118716898028753,0,0,1,0
Fluoxetine_23,CNCCC(Oc1ccc(cc1)C(F)(F)F)c1ccccc1,1,5.769610508597687,0,0,0,1
Fluoxetine_24,CNCCC(Oc1ccc(cc1)C(F)(F)F)c1ccccc1,1,7.962303477426334,0,0,1,0
Fluoxetine_25,CNCCC(Oc1ccc(cc1)C(F)(F)F)c1ccccc1,1,6.864355911880432,0,0,0,0
Fluoxetine_26,CNCCC(Oc1ccc(cc1)C(F)(F)F)c1ccccc1,0,5.699867278834893,0,0,1,1
Fluoxetine_27,CNCCC(Oc1ccc(cc1)C(F)(F)F)c1ccccc1,0,6.507315919513072,0,0,0,1
Fluoxetine_28,CNCCC(Oc1ccc(cc1)C(F)(F)F)c1ccccc1,1,8.648944603945193,0,0,0,0
Fluoxetine_29,CNCCC(Oc1ccc(cc1)C(F)(F)F)c1ccccc1,1,6.7344487227975645,0,0,1,1
Fluoxetine_30,CNCCC(Oc1ccc(cc1)C(F)(F)F)c1ccccc1,1,7.947182835819193,0,0,0,0
Fluoxetine_31,CNCCC(Oc1ccc(cc1)C(F)(F)F)c1ccccc1,1,6.854643909895298,0,0,1,0
Fluoxetine_32,CNCCC(Oc1ccc(cc1)C(F)(F)F)c1ccccc1,1,8.142331355609553,0,0,0,0
Fluoxetine_33,CNCCC(Oc1ccc(cc1)C(F)(F)F)c1ccccc1,1,5.621722796179695,0,0,0,0
Fluoxetine_34,CNCCC(Oc1ccc(cc1)C(F)(F)F)c1ccccc1,0,5.284341458275743,0,0,0,0
Fluoxetine_35,CNCCC(Oc1ccc(cc1)C(F)(F)F)c1ccccc1,1,7.864391082148133,0,0,0,0
Fluoxetine_36,CNCCC(Oc1ccc(cc1)C(F)(F)F)c1ccccc1,0,6.376805675057046,0,0,0,0
Fluoxetine_37,CNCCC(Oc1ccc(cc1)C(F)(F)F)c1ccccc1,0,5.474756899023642,0,0,0,0
Fluoxetine_38,CNCCC(Oc1ccc(cc1)C(F)(F)F)c1ccccc1,1,5.138678278794103,0,0,0,0
Fluoxetine_39,CNCCC(Oc1ccc(cc1)C(F)(F)F)c1ccccc1,1,7.506113387233313,1,0,0,0
Fluoxetine_40,CNCCC(Oc1ccc(cc1)C(F)(F)F)c1ccccc1,1,6.9616598407182,0,0,0,0
Fluoxetine_41,CNCCC(Oc1ccc(cc1)C(F)(F)F)c1ccccc1,1,7.521331368024192,0,0,0,0
Fluoxetine_42,CNCCC(Oc1ccc(cc1)C(F)(F)F)c1ccccc1,0,7.82840961095317,1,1,0,0
Fluoxetine_43,CNCCC(Oc1ccc(cc1)C(F)(F)F)c1ccccc1,1,8.645909762098716,1,0,0,1
Fluoxetine_44,CNCCC(Oc1ccc(cc1)C(F)(F)F)c1ccccc1,1,6.655389467326453,0,1,0,0
Fluoxetine_45,CNCCC(Oc1ccc(cc1)C(F)(F)F)c1ccccc1,1,6.484260598058151,0,0,0,0
Fluoxetine_46,CNCCC(Oc1ccc(cc1)C(F)(F)F)c1ccccc1,1,5.822150163199559,0,0,1,0
Fluoxetine_47,CNCCC(Oc1ccc(cc1)C(F)(F)F)c1ccccc1,1,8.290634101331948,1,0,1,0
Fluoxetine_48,CNCCC(Oc1ccc(cc1)C(F)(F)F)c1ccccc1,1,8.606808598575327,0,0,0,0
Fluoxetine_49,CNCCC(Oc1ccc(cc1)C(F)(F)F)c1ccccc1,1,6.83617721343682,1,0,1,0
Fluoxetine_50,CNCCC(Oc1ccc(cc1)C(F)(F)F)c1ccccc1,1,5.43218262361333,0,1,0,0
Fluoxetine_51,CNCCC(Oc1ccc(cc1)C(F)(F)F)c1ccccc1,0,6.190462647092935,1,0,0,1
Fluoxetine_52,CNCCC(Oc1ccc(cc1)C(F)(F)F)c1ccccc1,0,5.502637024407058,0,1,0,0
Fluoxetine_53,CNCCC(Oc1ccc(cc1)C(F)(F)F)c1ccccc1,0,8.813727130593001,0,0,0,0
Fluoxetine_54,CNCCC(Oc1ccc(cc1)C(F)(F)F)c1ccccc1,1,6.9132437204743304,0,0,0,0
Fluoxetine_55,CNCCC(Oc1ccc(cc1)C(F)(F)F)c1ccccc1,1,7.043073133182972,1,0,0,0
Fluoxetine_56,CNCCC(Oc1ccc(cc1)C(F)(F)F)c1ccccc1,1,6.870286401846828,0,1,1,0
Fluoxetine_57,CNCCC(Oc1ccc(cc1)C(F)(F)F)c1ccccc1,1,5.997213476848254,0,0,0,0
Fluoxetine_58,CNCCC(Oc1ccc(cc1)C(F)(F)F)c1ccccc1,0,6.4222477003213445,1,0,1,0
Fluoxetine_59,CNCCC(Oc1ccc(cc1)C(F)(F)F)c1ccccc1,1,5.4289141301422426,0,1,0,0
Fluoxetine_60,CNCCC(Oc1ccc(cc1)C(F)(F)F)c1ccccc1,1,5.017543432917997,0,0,0,0
Fluoxetine_61,CNCCC(Oc1ccc(cc1)C(F)(F)F)c1ccccc1,1,8.679892709725474,0,0,0,0
Fluoxetine_62,CNCCC(Oc1ccc(cc1)C(F)(F)F)c1ccccc1,1,8.270235880263868,1,1,0,0
Fluoxetine_63,CNCCC(Oc1ccc(cc1)C(F)(F)F)c1ccccc1,0,8.61129054901442,0,0,0,0
Fluoxetine_64,CNCCC(Oc1ccc(cc1)C(F)(F)F)c1ccccc1,1,7.578802220414527,0,0,0,0
Fluoxetine_65,CNCCC(Oc1ccc(cc1)C(F)(F)F)c1ccccc1,1,6.220639415432354,0,0,0,0
Fluoxetine_66,CNCCC(Oc1ccc(cc1)C(F)(F)F)c1ccccc1,1,6.588976376384656,1,0,0,0
Fluoxetine_67,CNCCC(Oc1ccc(cc1)C(F)(F)F)c1ccccc1,1,8.744501457074897,0,0,0,0
Fluoxetine_68,CNCCC(Oc1ccc(cc1)C(F)(F)F)c1ccccc1,0,7.4864766810663586,1,0,0,0
Fluoxetine_69,CNCCC(Oc1ccc(cc1)C(F)(F)F)c1ccccc1,1,6.639361246082775,1,0,0,0
Fluoxetine_70,CNCCC(Oc1ccc(cc1)C(F)(F)F)c1ccccc1,1,6.654566930374305,1,0,1,0
Fluoxetine_71,CNCCC(Oc1ccc(cc1)C(F)(F)F)c1ccccc1,1,5.473637651340301,0,1,0,0
Fluoxetine_72,CNCCC(Oc1ccc(cc1)C(F)(F)F)c1ccccc1,1,6.532801772168607,0,0,0,1
Fluoxetine_73,CNCCC(Oc1ccc(cc1)C(F)(F)F)c1ccccc1,1,5.886848467727721,0,0,1,0
Fluoxetine_74,CNCCC(Oc1ccc(cc1)C(F)(F)F)c1ccccc1,1,6.147021752546857,1,0,0,0
Fluoxetine_75,CNCCC(Oc1ccc(cc1)C(F)(F)F)c1ccccc1,0,6.009827023682108,0,0,0,1
Fluoxetine_76,CNCCC(Oc1ccc(cc1)C(F)(F)F)c1ccccc1,1,8.93536090546759,0,0,0,0
Fluoxetine_77,CNCCC(Oc1ccc(cc1)C(F)(F)F)c1ccccc1,1,6.2700721209681385,0,0,0,0
Fluoxetine_78,CNCCC(Oc1ccc(cc1)C(F)(F)F)c1ccccc1,1,8.276020311486981,0,0,0,0
Fluoxetine_79,CNCCC(Oc1ccc(cc1)C(F)(F)F)c1ccccc1,1,8.861980638015076,0,0,0,0
Fluoxetine_80,CNCCC(Oc1ccc(cc1)C(F)(F)F)c1ccccc1,0,7.165709477013191,0,0,0,0
Fluoxetine_81,CNCCC(Oc1ccc(cc1)C(F)(F)F)c1ccccc1,1,5.063821585840971,0,0,0,0
Fluoxetine_82,CNCCC(Oc1ccc(cc1)C(F)(F)F)c1ccccc1,0,7.296692544852442,0,0,0,0
Fluoxetine_83,CNCCC(Oc1ccc(cc1)C(F)(F)F)c1ccccc1,1,6.022176073382872,0,0,0,0
Fluoxetine_84,CNCCC(Oc1ccc(cc1)C(F)(F)F)c1ccccc1,1,6.786700144621829,0,0,0,1
Fluoxetine_85,CNCCC(Oc1ccc(cc1)C(F)(F)F)c1ccccc1,1,5.26318561088077,0,0,0,0
Fluoxetine_86,CNCCC(Oc1ccc(cc1)C(F)(F)F)c1ccccc1,0,5.329240848995213,1,0,0,0
Fluoxetine_87,CNCCC(Oc1ccc(cc1)C(F)(F)F)c1ccccc1,1,7.820686682408317,0,0,0,1
Fluoxetine_88,CNCCC(Oc1ccc(cc1)C(F)(F)F)c1ccccc1,1,5.715665854583152,0,0,0,0
Fluoxetine_89,CNCCC(Oc1ccc(cc1)C(F)(F)F)c1ccccc1,1,6.555654953851852,0,0,0,0
Fluoxetine_90,CNCCC(Oc1ccc(cc1)C(F)(F)F)c1ccccc1,1,5.61330246874963,1,0,0,0
Fluoxetine_91,CNCCC(Oc1ccc(cc1)C(F)(F)F)c1ccccc1,1,7.220834796010498,0,0,0,0
Fluoxetine_92,CNCCC(Oc1ccc(cc1)C(F)(F)F)c1ccccc1,1,8.439890007275975,1,0,0,0
Fluoxetine_93,CNCCC(Oc1ccc(cc1)C(F)(F)F)c1ccccc1,1,8.86994082531554,0,0,1,0
Fluoxetine_94,CNCCC(Oc1ccc(cc1)C(F)(F)F)c1ccccc1,1,6.743615665294984,0,0,1,0
Fluoxetine_95,CNCCC(Oc1ccc(cc1)C(F)(F)F)c1ccccc1,1,7.22282351475057,0,0,0,0
Fluoxetine_96,CNCCC(Oc1ccc(cc1)C(F)(F)F)c1ccccc1,1,7.38862148945971,0,0,0,0
Fluoxetine_97,CNCCC(Oc1ccc(cc1)C(F)(F)F)c1ccccc1,1,7.194639548003359,0,0,0,0
Fluoxetine_98,CNCCC(Oc1ccc(cc1)C(F)(F)F)c1ccccc1,1,6.460056274592524,1,0,0,0
Fluoxetine_99,CNCCC(Oc1ccc(cc1)C(F)(F)F)c1ccccc1,1,5.995781233946293,0,0,0,0
Sertraline_0,CNC1CCC(c2ccc(Cl)c(Cl)c2)c2ccccc12,1,7.102859801535876,0,0,0,0
Sertraline_1,CNC1CCC(c2ccc(Cl)c(Cl)c2)c2ccccc12,1,8.604275998102384,1,0,0,0
Sertraline_2,CNC1CCC(c2ccc(Cl)c(Cl)c2)c2ccccc12,1,5.178898056164702,1,0,1,0
Sertraline_3,CNC1CCC(c2ccc(Cl)c(Cl)c2)c2ccccc12,1,5.2531330299217665,1,0,0,0
Sertraline_4,CNC1CCC(c2ccc(Cl)c(Cl)c2)c2ccccc12,1,8.536426314467377,0,0,0,0
Sertraline_5,CNC1CCC(c2ccc(Cl)c(Cl)c2)c2ccccc12,1,8.098268734515052,0,0,0,0
Sertraline_6,CNC1CCC(c2ccc(Cl)c(Cl)c2)c2ccccc12,1,6.585727828288782,0,0,0,0
Sertraline_7,CNC1CCC(c2ccc(Cl)c(Cl)c2)c2ccccc12,1,7.166447221440278,0,0,0,0
Sertraline_8,CNC1CCC(c2ccc(Cl)c(Cl)c2)c2ccccc12,1,5.765666882038857,0,0,1,0
Sertraline_9,CNC1CCC(c2ccc(Cl)c(Cl)c2)c2ccccc12,1,7.193142530079138,0,0,1,0
Sertraline_10,CNC1CCC(c2ccc(Cl)c(Cl)c2)c2ccccc12,1,5.477517546538069,1,0,1,0
Sertraline_11,CNC1CCC(c2ccc(Cl)c(Cl)c2)c2ccccc12,1,7.996668619399019,0,0,0,0
Sertraline_12,CNC1CCC(c2ccc(Cl)c(Cl)c2)c2ccccc12,1,8.181940528601235,1,0,0,1
Sertraline_13,CNC1CCC(c2ccc(Cl)c(Cl)c2)c2ccccc12,1,7.551686573383835,0,0,0,1
Sertraline_14,CNC1CCC(c2ccc(Cl)c(Cl)c2)c2ccccc12,0,5.075259491567568,0,0,0,0
Sertraline_15,CNC1CCC(c2ccc(Cl)c(Cl)c2)c2ccccc12,1,6.969495847455601,0,0,0,0
Sertraline_16,CNC1CCC(c2ccc(Cl)c(Cl)c2)c2ccccc12,0,7.450783114344855,0,0,0,1
Sertraline_17,CNC1CCC(c2ccc(Cl)c(Cl)c2)c2ccccc12,0,7.236910204303374,0,0,1,0
Sertraline_18,CNC1CCC(c2ccc(Cl)c(Cl)c2)c2ccccc12,1,5.1143360751873805,1,0,1,0
Sertraline_19,CNC1CCC(c2ccc(Cl)c(Cl)c2)c2ccccc12,0,8.170576360767319,0,0,0,0
Sertraline_20,CNC1CCC(c2ccc(Cl)c(Cl)c2)c2ccccc12,1,8.137851145019813,1,0,0,0
Sertraline_21,CNC1CCC(c2ccc(Cl)c(Cl)c2)c2ccccc12,0,6.132688700207622,0,0,0,0
Sertraline_22,CNC1CCC(c2ccc(Cl)c(Cl)c2)c2ccccc12,1,5.479111359770236,0,0,0,0
Sertraline_23,CNC1CCC(c2ccc(Cl)c(Cl)c2)c2ccccc12,0,7.926719822952773,0,1,0,0
Sertraline_24,CNC1CCC(c2ccc(Cl)c(Cl)c2)c2ccccc12,1,7.969285903762962,0,1,0,0
Sertraline_25,CNC1CCC(c2ccc(Cl)c(Cl)c2)c2ccccc12,1,6.428518703318874,1,0,0,0
Sertraline_26,CNC1CCC(c2ccc(Cl)c(Cl)c2)c2ccccc12,1,8.341490373696306,0,1,0,0
Sertraline_27,CNC1CCC(c2ccc(Cl)c(Cl)c2)c2ccccc12,1,5.267640589068206,1,0,0,0
Sertraline_28,CNC1CCC(c2ccc(Cl)c(Cl)c2)c2ccccc12,1,5.7601236639729025,0,0,0,0
Sertraline_29,CNC1CCC(c2ccc(Cl)c(Cl)c2)c2ccccc12,1,7.501753278433172,1,0,1,0
Sertraline_30,CNC1CCC(c2ccc(Cl)c(Cl)c2)c2ccccc12,1,7.597136017095957,0,0,0,0
Sertraline_31,CNC1CCC(c2ccc(Cl)c(Cl)c2)c2ccccc12,1,7.551461858252018,0,0,0,0
Sertraline_32,CNC1CCC(c2ccc(Cl)c(Cl)c2)c2ccccc12,1,7.630980043763716,1,0,0,0
Sertraline_33,CNC1CCC(c2ccc(Cl)c(Cl)c2)c2ccccc12,1,8.157882633601647,0,0,0,0
Sertraline_34,CNC1CCC(c2ccc(Cl)c(Cl)c2)c2ccccc12,1,5.961707446334945,0,0,0,0
Sertraline_35,CNC1CCC(c2ccc(Cl)c(Cl)c2)c2ccccc12,1,6.080751459050534,0,0,0,0
Sertraline_36,CNC1CCC(c2ccc(Cl)c(Cl)c2)c2ccccc12,1,5.878887971911608,1,0,1,0
Sertraline_37,CNC1CCC(c2ccc(Cl)c(Cl)c2)c2ccccc12,1,7.301126745594213,1,0,0,0
Sertraline_38,CNC1CCC(c2ccc(Cl)c(Cl)c2)c2ccccc12,1,6.401098273507026,1,0,0,0
Sertraline_39,CNC1CCC(c2ccc(Cl)c(Cl)c2)c2ccccc12,1,8.142126873449161,0,0,0,0
Sertraline_40,CNC1CCC(c2ccc(Cl)c(Cl)c2)c2ccccc12,1,6.537356954120304,1,1,0,0
Sertraline_41,CNC1CCC(c2ccc(Cl)c(Cl)c2)c2ccccc12,1,5.774567547107601,1,0,0,0
Sertraline_42,CNC1CCC(c2ccc(Cl)c(Cl)c2)c2ccccc12,1,5.939323970258611,0,0,0,0
Sertraline_43,CNC1CCC(c2ccc(Cl)c(Cl)c2)c2ccccc12,1,6.894189125605268,0,0,0,0
Sertraline_44,CNC1CCC(c2ccc(Cl)c(Cl)c2)c2ccccc12,1,6.508124356231196,0,0,0,0
Sertraline_45,CNC1CCC(c2ccc(Cl)c(Cl)c2)c2ccccc12,1,6.656987499127431,0,0,0,0
Sertraline_46,CNC1CCC(c2ccc(Cl)c(Cl)c2)c2ccccc12,1,7.145726372515943,0,0,1,0
Sertraline_47,CNC1CCC(c2ccc(Cl)c(Cl)c2)c2ccccc12,1,8.664303414295162,0,0,0,0
Sertraline_48,CNC1CCC(c2ccc(Cl)c(Cl)c2)c2ccccc12,1,8.813306799907263,0,0,0,1
Sertraline_49,CNC1CCC(c2ccc(Cl)c(Cl)c2)c2ccccc12,1,6.328203646060613,0,1,1,0
Sertraline_50,CNC1CCC(c2ccc(Cl)c(Cl)c2)c2ccccc12,1,6.418360127467405,1,0,0,0
Sertraline_51,CNC1CCC(c2ccc(Cl)c(Cl)c2)c2ccccc12,1,8.895453195606256,1,0,0,0
Sertraline_52,CNC1CCC(c2ccc(Cl)c(Cl)c2)c2ccccc12,0,6.507415605739176,0,0,0,0
Sertraline_53,CNC1CCC(c2ccc(Cl)c(Cl)c2)c2ccccc12,1,8.993812810074115,1,0,0,0
Sertraline_54,CNC1CCC(c2ccc(Cl)c(Cl)c2)c2ccccc12,1,5.90548762300592,0,0,0,0
Sertraline_55,CNC1CCC(c2ccc(Cl)c(Cl)c2)c2ccccc12,0,5.852151286040247,0,0,0,0
Sertraline_56,CNC1CCC(c2ccc(Cl)c(Cl)c2)c2ccccc12,1,5.772826453025795,0,0,0,0
Sertraline_57,CNC1CCC(c2ccc(Cl)c(Cl)c2)c2ccccc12,1,5.130028987719883,0,0,0,0
Sertraline_58,CNC1CCC(c2ccc(Cl)c(Cl)c2)c2ccccc12,1,8.71327580956206,0,0,0,1
Sertraline_59,CNC1CCC(c2ccc(Cl)c(Cl)c2)c2ccccc12,0,7.410657394815447,0,0,1,0
Sertraline_60,CNC1CCC(c2ccc(Cl)c(Cl)c2)c2ccccc12,1,7.603348078360012,0,0,0,1
Sertraline_61,CNC1CCC(c2ccc(Cl)c(Cl)c2)c2ccccc12,1,8.418881753621928,0,0,0,0
Sertraline_62,CNC1CCC(c2ccc(Cl)c(Cl)c2)c2ccccc12,1,7.137047382793101,0,0,0,0
Sertraline_63,CNC1CCC(c2ccc(Cl)c(Cl)c2)c2ccccc12,0,5.04208281551217,1,0,0,0
Sertraline_64,CNC1CCC(c2ccc(Cl)c(Cl)c2)c2ccccc12,1,8.035815832121761,0,0,0,0
Sertraline_65,CNC1CCC(c2ccc(Cl)c(Cl)c2)c2ccccc12,1,7.123826787847904,0,0,1,0
Sertraline_66,CNC1CCC(c2ccc(Cl)c(Cl)c2)c2ccccc12,1,7.150646270769647,0,0,1,0
Sertraline_67,CNC1CCC(c2ccc(Cl)c(Cl)c2)c2ccccc12,0,6.501434935399069,0,0,1,0
Sertraline_68,CNC1CCC(c2ccc(Cl)c(Cl)c2)c2ccccc12,1,7.5471145213433415,0,0,0,0
Sertraline_69,CNC1CCC(c2ccc(Cl)c(Cl)c2)c2ccccc12,1,5.551424436687704,1,0,0,1
Sertraline_70,CNC1CCC(c2ccc(Cl)c(Cl)c2)c2ccccc12,1,5.94022129763605,1,0,0,1
Sertraline_71,CNC1CCC(c2ccc(Cl)c(Cl)c2)c2ccccc12,1,7.943571517654059,0,0,0,0
Sertraline_72,CNC1CCC(c2ccc(Cl)c(Cl)c2)c2ccccc12,1,6.204500292779979,0,0,0,1
Sertraline_73,CNC1CCC(c2ccc(Cl)c(Cl)c2)c2ccccc12,1,6.404921971405849,0,0,0,1
Sertraline_74,CNC1CCC(c2ccc(Cl)c(Cl)c2)c2ccccc12,0,7.7283194232511985,1,1,0,0
Sertraline_75,CNC1CCC(c2ccc(Cl)c(Cl)c2)c2ccccc12,0,5.724592899141399,0,0,0,0
Sertraline_76,CNC1CCC(c2ccc(Cl)c(Cl)c2)c2ccccc12,1,8.94704604982664,0,0,0,0
Sertraline_77,CNC1CCC(c2ccc(Cl)c(Cl)c2)c2ccccc12,1,8.035424357513417,0,0,1,0
Sertraline_78,CNC1CCC(c2ccc(Cl)c(Cl)c2)c2ccccc12,1,8.0282757483964,0,0,0,0
Sertraline_79,CNC1CCC(c2ccc(Cl)c(Cl)c2)c2ccccc12,1,5.9593204489779765,0,0,0,0
Sertraline_80,CNC1CCC(c2ccc(Cl)c(Cl)c2)c2ccccc12,1,6.233464842895655,0,0,0,1
Sertraline_81,CNC1CCC(c2ccc(Cl)c(Cl)c2)c2ccccc12,1,6.056139396959125,1,0,0,0
Sertraline_82,CNC1CCC(c2ccc(Cl)c(Cl)c2)c2ccccc12,1,6.986385958504039,1,0,0,0
Sertraline_83,CNC1CCC(c2ccc(Cl)c(Cl)c2)c2ccccc12,1,5.708089321195079,0,0,0,0
Sertraline_84,CNC1CCC(c2ccc(Cl)c(Cl)c2)c2ccccc12,1,5.7342240345996,0,0,0,0
Sertraline_85,CNC1CCC(c2ccc(Cl)c(Cl)c2)c2ccccc12,1,6.577649940152925,0,0,1,0
Sertraline_86,CNC1CCC(c2ccc(Cl)c(Cl)c2)c2ccccc12,1,6.403022917268886,0,0,0,0
Sertraline_87,CNC1CCC(c2ccc(Cl)c(Cl)c2)c2ccccc12,1,5.991598384984966,0,0,0,0
Sertraline_88,CNC1CCC(c2ccc(Cl)c(Cl)c2)c2ccccc12,1,6.620383166039952,0,0,0,0
Sertraline_89,CNC1CCC(c2ccc(Cl)c(Cl)c2)c2ccccc12,0,6.918107500592901,0,0,0,0
Sertraline_90,CNC1CCC(c2ccc(Cl)c(Cl)c2)c2ccccc12,1,7.097358775415202,0,0,0,0
Sertraline_91,CNC1CCC(c2ccc(Cl)c(Cl)c2)c2ccccc12,1,7.906285251177561,1,0,0,0
Sertraline_92,CNC1CCC(c2ccc(Cl)c(Cl)c2)c2ccccc12,1,5.158455681751004,0,0,0,0
Sertraline_93,CNC1CCC(c2ccc(Cl)c(Cl)c2)c2ccccc12,1,5.425630365523999,0,0,1,0
Sertraline_94,CNC1CCC(c2ccc(Cl)c(Cl)c2)c2ccccc12,1,8.640477861565008,0,0,1,1
Sertraline_95,CNC1CCC(c2ccc(Cl)c(Cl)c2)c2ccccc12,1,7.406097473287035,0,0,1,0
Sertraline_96,CNC1CCC(c2ccc(Cl)c(Cl)c2)c2ccccc12,1,7.217728780899627,0,1,0,0
Sertraline_97,CNC1CCC(c2ccc(Cl)c(Cl)c2)c2ccccc12,0,8.93775689963543,1,0,0,1
Sertraline_98,CNC1CCC(c2ccc(Cl)c(Cl)c2)c2ccccc12,1,8.321375757908681,1,0,0,0
Sertraline_99,CNC1CCC(c2ccc(Cl)c(Cl)c2)c2ccccc12,0,8.503394993337734,0,0,0,0
Donepezil_0,COc1cc2c(cc1OC)CC(C2=O)CC1CCN(CC1)Cc1ccccc1,1,6.6612545512096935,0,0,0,0
Donepezil_1,COc1cc2c(cc1OC)CC(C2=O)CC1CCN(CC1)Cc1ccccc1,0,5.262244163450881,1,0,0,0
Donepezil_2,COc1cc2c(cc1OC)CC(C2=O)CC1CCN(CC1)Cc1ccccc1,0,8.811867527717148,0,0,0,1
Donepezil_3,COc1cc2c(cc1OC)CC(C2=O)CC1CCN(CC1)Cc1ccccc1,1,6.868172253698731,0,0,0,0
Donepezil_4,COc1cc2c(cc1OC)CC(C2=O)CC1CCN(CC1)Cc1ccccc1,1,7.357733312979301,0,0,0,0
Donepezil_5,COc1cc2c(cc1OC)CC(C2=O)CC1CCN(CC1)Cc1ccccc1,0,8.875650293729596,1,0,0,0
Donepezil_6,COc1cc2c(cc1OC)CC(C2=O)CC1CCN(CC1)Cc1ccccc1,1,8.21290046902956,1,0,0,1
Donepezil_7,COc1cc2c(cc1OC)CC(C2=O)CC1CCN(CC1)Cc1ccccc1,1,6.179964452324899,1,0,0,1
Donepezil_8,COc1cc2c(cc1OC)CC(C2=O)CC1CCN(CC1)Cc1ccccc1,1,5.733838731005552,0,0,0,0
Donepezil_9,COc1cc2c(cc1OC)CC(C2=O)CC1CCN(CC1)Cc1ccccc1,1,8.61542353644589,0,0,0,1
Donepezil_10,COc1cc2c(cc1OC)CC(C2=O)CC1CCN(CC1)Cc1ccccc1,1,5.195699180576422,0,0,0,0
Donepezil_11,COc1cc2c(cc1OC)CC(C2=O)CC1CCN(CC1)Cc1ccccc1,1,8.683171624673829,0,0,1,0
Donepezil_12,COc1cc2c(cc1OC)CC(C2=O)CC1CCN(CC1)Cc1ccccc1,1,5.9935870261219,0,1,0,0
Donepezil_13,COc1cc2c(cc1OC)CC(C2=O)CC1CCN(CC1)Cc1ccccc1,1,5.5246727937322255,0,0,1,0
Donepezil_14,COc1cc2c(cc1OC)CC(C2=O)CC1CCN(CC1)Cc1ccccc1,1,8.513216222631314,0,0,0,0
Donepezil_15,COc1cc2c(cc1OC)CC(C2=O)CC1CCN(CC1)Cc1ccccc1,1,8.872302457493555,1,0,0,0
Donepezil_16,COc1cc2c(cc1OC)CC(C2=O)CC1CCN(CC1)Cc1ccccc1,1,6.546870493114459,0,0,0,0
Donepezil_17,COc1cc2c(cc1OC)CC(C2=O)CC1CCN(CC1)Cc1ccccc1,1,7.120610860161243,0,0,1,1
Donepezil_18,COc1cc2c(cc1OC)CC(C2=O)CC1CCN(CC1)Cc1ccccc1,1,5.753210025335191,1,1,1,0
Donepezil_19,COc1cc2c(cc1OC)CC(C2=O)CC1CCN(CC1)Cc1ccccc1,1,7.661619718891032,1,0,0,0
Donepezil_20,COc1cc2c(cc1OC)CC(C2=O)CC1CCN(CC1)Cc1ccccc1,1,5.2089323055247,0,0,0,1
Donepezil_21,COc1cc2c(cc1OC)CC(C2=O)CC1CCN(CC1)Cc1ccccc1,1,5.7125109597658374,0,0,0,0
Donepezil_22,COc1cc2c(cc1OC)CC(C2=O)CC1CCN(CC1)Cc1ccccc1,1,8.056109529595162,0,0,0,1
Donepezil_23,COc1cc2c(cc1OC)CC(C2=O)CC1CCN(CC1)Cc1ccccc1,1,5.426549251856919,0,0,0,0
Donepezil_24,COc1cc2c(cc1OC)CC(C2=O)CC1CCN(CC1)Cc1ccccc1,1,8.654374639707008,0,0,0,0
Donepezil_25,COc1cc2c(cc1OC)CC(C2=O)CC1CCN(CC1)Cc1ccccc1,1,7.416242919914557,0,0,0,0
Donepezil_26,COc1cc2c(cc1OC)CC(C2=O)CC1CCN(CC1)Cc1ccccc1,1,8.005779458978546,0,0,0,0
Donepezil_27,COc1cc2c(cc1OC)CC(C2=O)CC1CCN(CC1)Cc1ccccc1,1,7.574210926545669,0,0,0,0
Donepezil_28,COc1cc2c(cc1OC)CC(C2=O)CC1CCN(CC1)Cc1ccccc1,1,7.674332453420229,0,0,0,0
Donepezil_29,COc1cc2c(cc1OC)CC(C2=O)CC1CCN(CC1)Cc1ccccc1,0,7.102385193993575,1,0,0,0
Donepezil_30,COc1cc2c(cc1OC)CC(C2=O)CC1CCN(CC1)Cc1ccccc1,0,5.676846399864486,1,1,1,1
Donepezil_31,COc1cc2c(cc1OC)CC(C2=O)CC1CCN(CC1)Cc1ccccc1,1,7.724020980416986,0,0,0,0
Donepezil_32,COc1cc2c(cc1OC)CC(C2=O)CC1CCN(CC1)Cc1ccccc1,1,7.601519028269132,0,0,0,1
Donepezil_33,COc1cc2c(cc1OC)CC(C2=O)CC1CCN(CC1)Cc1ccccc1,1,6.993528760925878,1,0,1,1
Donepezil_34,COc1cc2c(cc1OC)CC(C2=O)CC1CCN(CC1)Cc1ccccc1,1,8.546866263301386,0,0,0,0
Donepezil_35,COc1cc2c(cc1OC)CC(C2=O)CC1CCN(CC1)Cc1ccccc1,1,5.203160986036645,0,0,0,0
Donepezil_36,COc1cc2c(cc1OC)CC(C2=O)CC1CCN(CC1)Cc1ccccc1,1,7.826086187067653,0,0,0,0
Donepezil_37,COc1cc2c(cc1OC)CC(C2=O)CC1CCN(CC1)Cc1ccccc1,0,8.374248350989369,0,0,0,0
Donepezil_38,COc1cc2c(cc1OC)CC(C2=O)CC1CCN(CC1)Cc1ccccc1,1,5.8126565302949675,0,0,0,0
Donepezil_39,COc1cc2c(cc1OC)CC(C2=O)CC1CCN(CC1)Cc1ccccc1,1,6.3535913591540885,1,0,0,0
Donepezil_40,COc1cc2c(cc1OC)CC(C2=O)CC1CCN(CC1)Cc1ccccc1,1,5.655618555612902,0,1,0,0
Donepezil_41,COc1cc2c(cc1OC)CC(C2=O)CC1CCN(CC1)Cc1ccccc1,1,7.8424208510094475,1,0,0,0
Donepezil_42,COc1cc2c(cc1OC)CC(C2=O)CC1CCN(CC1)Cc1ccccc1,1,7.765960733223094,0,0,0,0
Donepezil_43,COc1cc2c(cc1OC)CC(C2=O)CC1CCN(CC1)Cc1ccccc1,1,6.144367472692457,1,0,0,1
Donepezil_44,COc1cc2c(cc1OC)CC(C2=O)CC1CCN(CC1)Cc1ccccc1,1,5.4630631977717155,0,0,0,0
Donepezil_45,COc1cc2c(cc1OC)CC(C2=O)CC1CCN(CC1)Cc1ccccc1,0,5.341258822286952,0,0,1,0
Donepezil_46,COc1cc2c(cc1OC)CC(C2=O)CC1CCN(CC1)Cc1ccccc1,1,6.179416246653251,0,0,0,0
Donepezil_47,COc1cc2c(cc1OC)CC(C2=O)CC1CCN(CC1)Cc1ccccc1,1,7.8939844177785305,1,1,0,1
Donepezil_48,COc1cc2c(cc1OC)CC(C2=O)CC1CCN(CC1)Cc1ccccc1,1,5.17173611816197,1,0,0,0
Donepezil_49,COc1cc2c(cc1OC)CC(C2=O)CC1CCN(CC1)Cc1ccccc1,1,6.58650250701297,0,0,1,0
Donepezil_50,COc1cc2c(cc1OC)CC(C2=O)CC1CCN(CC1)Cc1ccccc1,1,7.058531192770261,0,0,0,0
Donepezil_51,COc1cc2c(cc1OC)CC(C2=O)CC1CCN(CC1)Cc1ccccc1,1,8.336571833456333,0,1,0,0
Donepezil_52,COc1cc2c(cc1OC)CC(C2=O)CC1CCN(CC1)Cc1ccccc1,1,8.530751899786766,1,0,1,0
Donepezil_53,COc1cc2c(cc1OC)CC(C2=O)CC1CCN(CC1)Cc1ccccc1,1,7.203855835216103,0,0,1,0
Donepezil_54,COc1cc2c(cc1OC)CC(C2=O)CC1CCN(CC1)Cc1ccccc1,1,6.960111318585993,0,0,0,0
Donepezil_55,COc1cc2c(cc1OC)CC(C2=O)CC1CCN(CC1)Cc1ccccc1,1,5.063521478719814,0,0,0,0
Donepezil_56,COc1cc2c(cc1OC)CC(C2=O)CC1CCN(CC1)Cc1ccccc1,0,6.320257410274561,0,1,1,0
Donepezil_57,COc1cc2c(cc1OC)CC(C2=O)CC1CCN(CC1)Cc1ccccc1,1,5.576119828353033,1,0,0,0
Donepezil_58,COc1cc2c(cc1OC)CC(C2=O)CC1CCN(CC1)Cc1ccccc1,1,7.920755526460446,1,0,0,0
Donepezil_59,COc1cc2c(cc1OC)CC(C2=O)CC1CCN(CC1)Cc1ccccc1,0,6.859882935026273,0,1,0,0
Donepezil_60,COc1cc2c(cc1OC)CC(C2=O)CC1CCN(CC1)Cc1ccccc1,1,8.335717443086722,0,0,0,0
Donepezil_61,COc1cc2c(cc1OC)CC(C2=O)CC1CCN(CC1)Cc1ccccc1,1,7.566022897489681,0,0,1,0
Donepezil_62,COc1cc2c(cc1OC)CC(C2=O)CC1CCN(CC1)Cc1ccccc1,1,5.757710785079831,0,0,0,0
Donepezil_63,COc1cc2c(cc1OC)CC(C2=O)CC1CCN(CC1)Cc1ccccc1,1,7.042928416919906,0,0,0,0
Donepezil_64,COc1cc2c(cc1OC)CC(C2=O)CC1CCN(CC1)Cc1ccccc1,1,8.19703555469888,0,0,0,0
Donepezil_65,COc1cc2c(cc1OC)CC(C2=O)CC1CCN(CC1)Cc1ccccc1,1,8.849495603108414,0,0,0,0
Donepezil_66,COc1cc2c(cc1OC)CC(C2=O)CC1CCN(CC1)Cc1ccccc1,1,5.345828847134036,1,1,0,0
Donepezil_67,COc1cc2c(cc1OC)CC(C2=O)CC1CCN(CC1)Cc1ccccc1,1,8.022786823776556,0,0,0,0
Donepezil_68,COc1cc2c(cc1OC)CC(C2=O)CC1CCN(CC1)Cc1ccccc1,0,5.264179679245898,0,0,0,0
Donepezil_69,COc1cc2c(cc1OC)CC(C2=O)CC1CCN(CC1)Cc1ccccc1,1,5.012866457964451,1,0,0,0
Donepezil_70,COc1cc2c(cc1OC)CC(C2=O)CC1CCN(CC1)Cc1ccccc1,1,6.401638631862157,0,0,0,0
Donepezil_71,COc1cc2c(cc1OC)CC(C2=O)CC1CCN(CC1)Cc1ccccc1,1,5.676063608751216,0,0,0,1
Donepezil_72,COc1cc2c(cc1OC)CC(C2=O)CC1CCN(CC1)Cc1ccccc1,0,7.608909772097461,1,0,0,0
Donepezil_73,COc1cc2c(cc1OC)CC(C2=O)CC1CCN(CC1)Cc1ccccc1,0,6.860262528151834,0,0,1,0
Donepezil_74,COc1cc2c(cc1OC)CC(C2=O)CC1CCN(CC1)Cc1ccccc1,1,7.355165836312195,1,0,0,0
Donepezil_75,COc1cc2c(cc1OC)CC(C2=O)CC1CCN(CC1)Cc1ccccc1,1,6.087492321176839,0,0,0,1
Donepezil_76,COc1cc2c(cc1OC)CC(C2=O)CC1CCN(CC1)Cc1ccccc1,1,8.241865957507969,0,0,1,0
Donepezil_77,COc1cc2c(cc1OC)CC(C2=O)CC1CCN(CC1)Cc1ccccc1,1,5.941625923670131,1,0,0,0
Donepezil_78,COc1cc2c(cc1OC)CC(C2=O)CC1CCN(CC1)Cc1ccccc1,1,7.959072368098651,0,0,0,0
Donepezil_79,COc1cc2c(cc1OC)CC(C2=O)CC1CCN(CC1)Cc1ccccc1,1,6.762969390596908,1,0,0,0
Donepezil_80,COc1cc2c(cc1OC)CC(C2=O)CC1CCN(CC1)Cc1ccccc1,1,7.329014475081893,1,0,0,0
Donepezil_81,COc1cc2c(cc1OC)CC(C2=O)CC1CCN(CC1)Cc1ccccc1,1,6.517021188257034,0,0,1,1
Donepezil_82,COc1cc2c(cc1OC)CC(C2=O)CC1CCN(CC1)Cc1ccccc1,0,8.751817278473421,0,0,0,0
Donepezil_83,COc1cc2c(cc1OC)CC(C2=O)CC1CCN(CC1)Cc1ccccc1,1,8.707563506836873,0,0,0,0
Donepezil_84,COc1cc2c(cc1OC)CC(C2=O)CC1CCN(CC1)Cc1ccccc1,0,5.933382112989916,0,1,1,0
Donepezil_85,COc1cc2c(cc1OC)CC(C2=O)CC1CCN(CC1)Cc1ccccc1,1,6.7408720441060215,0,0,0,0
Donepezil_86,COc1cc2c(cc1OC)CC(C2=O)CC1CCN(CC1)Cc1ccccc1,1,7.6054666727897855,0,0,0,0
Donepezil_87,COc1cc2c(cc1OC)CC(C2=O)CC1CCN(CC1)Cc1ccccc1,1,8.165321647663927,1,0,0,0
Donepezil_88,COc1cc2c(cc1OC)CC(C2=O)CC1CCN(CC1)Cc1ccccc1,1,6.131912463153559,0,0,0,1
Donepezil_89,COc1cc2c(cc1OC)CC(C2=O)CC1CCN(CC1)Cc1ccccc1,1,7.927149587648986,1,0,0,0
Donepezil_90,COc1cc2c(cc1OC)CC(C2=O)CC1CCN(CC1)Cc1ccccc1,1,8.697656935105272,0,1,1,0
Donepezil_91,COc1cc2c(cc1OC)CC(C2=O)CC1CCN(CC1)Cc1ccccc1,1,6.696245090327341,1,0,1,0
Donepezil_92,COc1cc2c(cc1OC)CC(C2=O)CC1CCN(CC1)Cc1ccccc1,1,6.990541721591118,0,0,0,0
Donepezil_93,COc1cc2c(cc1OC)CC(C2=O)CC1CCN(CC1)Cc1ccccc1,1,5.585748802415974,0,0,0,0
Donepezil_94,COc1cc2c(cc1OC)CC(C2=O)CC1CCN(CC1)Cc1ccccc1,1,5.932464588002333,1,0,1,0
Donepezil_95,COc1cc2c(cc1OC)CC(C2=O)CC1CCN(CC1)Cc1ccccc1,1,6.802059732315628,1,0,0,0
Donepezil_96,COc1cc2c(cc1OC)CC(C2=O)CC1CCN(CC1)Cc1ccccc1,1,6.040604905526038,1,0,0,1
Donepezil_97,COc1cc2c(cc1OC)CC(C2=O)CC1CCN(CC1)Cc1ccccc1,1,7.559106650024967,0,0,0,0
Donepezil_98,COc1cc2c(cc1OC)CC(C2=O)CC1CCN(CC1)Cc1ccccc1,1,7.001483594151285,0,0,0,0
Donepezil_99,COc1cc2c(cc1OC)CC(C2=O)CC1CCN(CC1)Cc1ccccc1,0,7.362593208820533,0,0,0,0
Memantine_0,CC1(C)C2CCC1(C)NC2,1,8.373851005863386,1,0,0,0
Memantine_1,CC1(C)C2CCC1(C)NC2,0,8.032586775157899,1,0,0,0
Memantine_2,CC1(C)C2CCC1(C)NC2,0,5.976389405100273,0,0,0,0
Memantine_3,CC1(C)C2CCC1(C)NC2,1,6.766364180640853,0,0,0,1
Memantine_4,CC1(C)C2CCC1(C)NC2,0,5.1676989960376885,1,0,1,0
Memantine_5,CC1(C)C2CCC1(C)NC2,0,7.9713022537299185,1,0,1,0
Memantine_6,CC1(C)C2CCC1(C)NC2,1,7.749254851311039,0,0,0,0
Memantine_7,CC1(C)C2CCC1(C)NC2,0,7.984519411340894,0,0,0,0
Memantine_8,CC1(C)C2CCC1(C)NC2,0,8.733942132244543,0,0,1,0
Memantine_9,CC1(C)C2CCC1(C)NC2,1,6.2456802827101185,1,0,0,0
Memantine_10,CC1(C)C2CCC1(C)NC2,1,8.765848116633034,0,1,0,0
Memantine_11,CC1(C)C2CCC1(C)NC2,0,8.612516042281419,0,0,0,1
Memantine_12,CC1(C)C2CCC1(C)NC2,1,8.222003506278927,0,0,0,0
Memantine_13,CC1(C)C2CCC1(C)NC2,1,8.316035364638708,0,0,0,0
Memantine_14,CC1(C)C2CCC1(C)NC2,1,7.422213224348354,0,0,1,0
Memantine_15,CC1(C)C2CCC1(C)NC2,1,8.975870436688373,1,0,1,0
Memantine_16,CC1(C)C2CCC1(C)NC2,1,6.534510898884708,1,0,0,0
Memantine_17,CC1(C)C2CCC1(C)NC2,1,8.849846742832625,0,0,1,0
Memantine_18,CC1(C)C2CCC1(C)NC2,1,7.508066280193376,1,0,0,1
Memantine_19,CC1(C)C2CCC1(C)NC2,0,7.127649686973058,1,0,0,1
Memantine_20,CC1(C)C2CCC1(C)NC2,1,6.4388761111731405,0,0,0,0
Memantine_21,CC1(C)C2CCC1(C)NC2,1,7.615669072047604,0,0,0,0
Memantine_22,CC1(C)C2CCC1(C)NC2,0,6.8253454376699985,0,0,1,0
Memantine_23,CC1(C)C2CCC1(C)NC2,0,6.344259403647264,0,0,0,0
Memantine_24,CC1(C)C2CCC1(C)NC2,1,8.85675638006234,1,0,0,1
Memantine_25,CC1(C)C2CCC1(C)NC2,1,7.39727900888224,0,0,0,1
Memantine_26,CC1(C)C2CCC1(C)NC2,0,6.718205408403564,1,0,0,0
Memantine_27,CC1(C)C2CCC1(C)NC2,1,6.696619511947491,0,0,1,0
Memantine_28,CC1(C)C2CCC1(C)NC2,1,6.8055173924993735,1,0,0,0
Memantine_29,CC1(C)C2CCC1(C)NC2,1,7.958708697255112,0,0,1,0
Memantine_30,CC1(C)C2CCC1(C)NC2,1,8.965467498808408,1,0,0,0
Memantine_31,CC1(C)C2CCC1(C)NC2,1,7.195721920459799,0,0,0,0
Memantine_32,CC1(C)C2CCC1(C)NC2,1,5.09819465394105,0,0,0,1
Memantine_33,CC1(C)C2CCC1(C)NC2,0,7.134339025565234,0,0,0,0
Memantine_34,CC1(C)C2CCC1(C)NC2,1,5.834273163013826,0,0,0,0
Memantine_35,CC1(C)C2CCC1(C)NC2,1,5.6237545264108775,0,0,1,0
Memantine_36,CC1(C)C2CCC1(C)NC2,1,7.77493849439255,0,0,0,0
Memantine_37,CC1(C)C2CCC1(C)NC2,1,8.569286431758538,0,0,1,0
Memantine_38,CC1(C)C2CCC1(C)NC2,1,7.594532849684107,0,0,0,0
Memantine_39,CC1(C)C2CCC1(C)NC2,1,5.918370668475392,0,0,0,0
Memantine_40,CC1(C)C2CCC1(C)NC2,1,8.136255051326577,0,0,1,0
Memantine_41,CC1(C)C2CCC1(C)NC2,1,8.104403538942877,1,0,0,1
Memantine_42,CC1(C)C2CCC1(C)NC2,1,5.88335896917524,0,0,1,0
Memantine_43,CC1(C)C2CCC1(C)NC2,1,8.607023022340876,0,0,0,0
Memantine_44,CC1(C)C2CCC1(C)NC2,1,8.069312683232083,1,0,0,0
Memantine_45,CC1(C)C2CCC1(C)NC2,1,5.520816602002688,0,0,0,0
Memantine_46,CC1(C)C2CCC1(C)NC2,0,5.717799097678341,0,1,0,0
Memantine_47,CC1(C)C2CCC1(C)NC2,1,5.271751580978471,1,0,0,0
Memantine_48,CC1(C)C2CCC1(C)NC2,1,5.611463612592382,0,0,1,0
Memantine_49,CC1(C)C2CCC1(C)NC2,1,5.5835169238218665,0,0,0,0
Memantine_50,CC1(C)C2CCC1(C)NC2,1,8.358906519350171,0,0,0,0
Memantine_51,CC1(C)C2CCC1(C)NC2,1,6.258364986556929,1,0,0,1
Memantine_52,CC1(C)C2CCC1(C)NC2,1,8.77826514829251,0,0,0,0
Memantine_53,CC1(C)C2CCC1(C)NC2,1,8.557693779955358,0,0,0,0
Memantine_54,CC1(C)C2CCC1(C)NC2,0,5.122437222704074,1,0,1,0
Memantine_55,CC1(C)C2CCC1(C)NC2,1,8.575453469495224,0,0,0,0
Memantine_56,CC1(C)C2CCC1(C)NC2,1,7.55213908771421,0,0,0,0
Memantine_57,CC1(C)C2CCC1(C)NC2,1,5.269087988042912,0,0,1,0
Memantine_58,CC1(C)C2CCC1(C)NC2,0,7.880542941531612,0,0,0,0
Memantine_59,CC1(C)C2CCC1(C)NC2,1,5.3130491976888905,0,0,0,0
Memantine_60,CC1(C)C2CCC1(C)NC2,1,8.09514864175571,0,0,0,0
Memantine_61,CC1(C)C2CCC1(C)NC2,1,8.372580116451577,0,0,0,0
Memantine_62,CC1(C)C2CCC1(C)NC2,1,8.175542027053556,0,0,1,0
Memantine_63,CC1(C)C2CCC1(C)NC2,1,6.087552795268868,0,0,0,0
Memantine_64,CC1(C)C2CCC1(C)NC2,1,8.143512218382956,0,0,0,0
Memantine_65,CC1(C)C2CCC1(C)NC2,0,6.570508354353661,0,0,1,0
Memantine_66,CC1(C)C2CCC1(C)NC2,1,6.564980282418664,0,1,0,0
Memantine_67,CC1(C)C2CCC1(C)NC2,1,5.64632151917449,0,1,0,0
Memantine_68,CC1(C)C2CCC1(C)NC2,1,8.802812589122068,0,0,0,0
Memantine_69,CC1(C)C2CCC1(C)NC2,1,6.0981287354825735,1,0,0,1
Memantine_70,CC1(C)C2CCC1(C)NC2,1,5.989728568692094,0,1,0,0
Memantine_71,CC1(C)C2CCC1(C)NC2,1,8.486740984676338,0,0,1,0
Memantine_72,CC1(C)C2CCC1(C)NC2,1,8.295796283826178,0,1,0,0
Memantine_73,CC1(C)C2CCC1(C)NC2,1,7.561564382871799,0,0,1,1
Memantine_74,CC1(C)C2CCC1(C)NC2,1,8.454972108386045,0,0,0,0
Memantine_75,CC1(C)C2CCC1(C)NC2,1,8.812882423792157,0,0,0,0
Memantine_76,CC1(C)C2CCC1(C)NC2,1,7.669440558861746,1,0,0,0
Memantine_77,CC1(C)C2CCC1(C)NC2,0,6.469180865515057,1,0,0,0
Memantine_78,CC1(C)C2CCC1(C)NC2,1,5.852745138199412,0,0,1,0
Memantine_79,CC1(C)C2CCC1(C)NC2,1,7.824078819320383,1,0,1,1
Memantine_80,CC1(C)C2CCC1(C)NC2,1,7.171325039052629,0,0,0,0
Memantine_81,CC1(C)C2CCC1(C)NC2,1,8.324385780550918,0,0,0,0
Memantine_82,CC1(C)C2CCC1(C)NC2,1,8.703463763634494,0,1,1,0
Memantine_83,CC1(C)C2CCC1(C)NC2,1,6.300283158954837,0,0,0,0
Memantine_84,CC1(C)C2CCC1(C)NC2,0,7.03116577911214,0,0,1,1
Memantine_85,CC1(C)C2CCC1(C)NC2,1,8.979888436320545,0,0,1,0
Memantine_86,CC1(C)C2CCC1(C)NC2,0,8.44837220811783,1,0,0,1
Memantine_87,CC1(C)C2CCC1(C)NC2,1,6.7640215368161645,0,0,0,0
Memantine_88,CC1(C)C2CCC1(C)NC2,0,7.602498501720343,0,0,0,0
Memantine_89,CC1(C)C2CCC1(C)NC2,1,6.476421543462641,0,0,0,0
Memantine_90,CC1(C)C2CCC1(C)NC2,1,7.9500241774499685,0,0,0,1
Memantine_91,CC1(C)C2CCC1(C)NC2,1,8.104647803939123,1,0,0,0
Memantine_92,CC1(C)C2CCC1(C)NC2,1,8.17456321692254,0,0,1,0
Memantine_93,CC1(C)C2CCC1(C)NC2,0,6.0433025178007735,0,0,0,0
Memantine_94,CC1(C)C2CCC1(C)NC2,1,8.938055924981999,0,0,0,0
Memantine_95,CC1(C)C2CCC1(C)NC2,1,5.537761233669157,0,0,0,0
Memantine_96,CC1(C)C2CCC1(C)NC2,1,7.562602202127869,1,0,0,0
Memantine_97,CC1(C)C2CCC1(C)NC2,1,6.454382571735946,0,0,0,1
Memantine_98,CC1(C)C2CCC1(C)NC2,0,5.555523585335015,1,0,1,0
Memantine_99,CC1(C)C2CCC1(C)NC2,1,6.07514785321025,0,0,0,0
Levodopa_0,NC(Cc1ccc(O)c(O)c1)C(O)=O,0,5.44118755453607,0,0,0,0
Levodopa_1,NC(Cc1ccc(O)c(O)c1)C(O)=O,0,5.395935616486516,0,0,0,1
Levodopa_2,NC(Cc1ccc(O)c(O)c1)C(O)=O,1,6.101135341301596,1,0,0,0
Levodopa_3,NC(Cc1ccc(O)c(O)c1)C(O)=O,1,8.462131369100028,1,0,0,0
Levodopa_4,NC(Cc1ccc(O)c(O)c1)C(O)=O,1,7.264602435985626,0,0,0,0
Levodopa_5,NC(Cc1ccc(O)c(O)c1)C(O)=O,1,8.535059712025491,1,0,1,0
Levodopa_6,NC(Cc1ccc(O)c(O)c1)C(O)=O,1,7.358688868183985,0,0,0,0
Levodopa_7,NC(Cc1ccc(O)c(O)c1)C(O)=O,1,8.882164452897971,1,1,0,0
Levodopa_8,NC(Cc1ccc(O)c(O)c1)C(O)=O,1,6.256835565301065,0,0,0,0
Levodopa_9,NC(Cc1ccc(O)c(O)c1)C(O)=O,1,7.052454509648927,0,0,0,0
Levodopa_10,NC(Cc1ccc(O)c(O)c1)C(O)=O,1,6.92996262018276,0,0,0,0
Levodopa_11,NC(Cc1ccc(O)c(O)c1)C(O)=O,0,8.744449407502996,0,0,0,0
Levodopa_12,NC(Cc1ccc(O)c(O)c1)C(O)=O,1,7.321521046794568,0,0,0,0
Levodopa_13,NC(Cc1ccc(O)c(O)c1)C(O)=O,0,5.04730952237866,0,0,1,0
Levodopa_14,NC(Cc1ccc(O)c(O)c1)C(O)=O,1,8.882392808747284,0,0,0,0
Levodopa_15,NC(Cc1ccc(O)c(O)c1)C(O)=O,1,7.142534059687362,0,0,0,0
Levodopa_16,NC(Cc1ccc(O)c(O)c1)C(O)=O,0,7.186419927623296,1,0,0,0
Levodopa_17,NC(Cc1ccc(O)c(O)c1)C(O)=O,1,5.7660414635644415,0,0,0,1
Levodopa_18,NC(Cc1ccc(O)c(O)c1)C(O)=O,1,7.8346521018041475,0,0,0,0
Levodopa_19,NC(Cc1ccc(O)c(O)c1)C(O)=O,1,8.873893835491362,0,0,1,0
Levodopa_20,NC(Cc1ccc(O)c(O)c1)C(O)=O,1,6.191197512350257,0,0,0,0
Levodopa_21,NC(Cc1ccc(O)c(O)c1)C(O)=O,0,5.896975521496101,0,0,0,1
Levodopa_22,NC(Cc1ccc(O)c(O)c1)C(O)=O,1,8.526624049456458,1,0,0,0
Levodopa_23,NC(Cc1ccc(O)c(O)c1)C(O)=O,1,5.175009935670844,1,0,0,0
Levodopa_24,NC(Cc1ccc(O)c(O)c1)C(O)=O,0,5.209864764539391,0,0,0,0
Levodopa_25,NC(Cc1ccc(O)c(O)c1)C(O)=O,1,5.115960951774866,0,0,0,0
Levodopa_26,NC(Cc1ccc(O)c(O)c1)C(O)=O,1,8.823236701808025,0,1,0,0
Levodopa_27,NC(Cc1ccc(O)c(O)c1)C(O)=O,0,5.95203179155453,0,0,0,1
Levodopa_28,NC(Cc1ccc(O)c(O)c1)C(O)=O,1,6.900062406208221,0,0,0,0
Levodopa_29,NC(Cc1ccc(O)c(O)c1)C(O)=O,1,8.668155457757138,0,0,1,0
Levodopa_30,NC(Cc1ccc(O)c(O)c1)C(O)=O,1,7.003004581784584,0,0,0,0
Levodopa_31,NC(Cc1ccc(O)c(O)c1)C(O)=O,1,7.228042429464758,0,0,1,0
Levodopa_32,NC(Cc1ccc(O)c(O)c1)C(O)=O,0,5.637473179791309,1,0,0,0
Levodopa_33,NC(Cc1ccc(O)c(O)c1)C(O)=O,1,7.438568733099382,1,0,0,0
Levodopa_34,NC(Cc1ccc(O)c(O)c1)C(O)=O,0,5.572675856545496,1,0,0,0
Levodopa_35,NC(Cc1ccc(O)c(O)c1)C(O)=O,1,6.869862893209798,0,0,0,0
Levodopa_36,NC(Cc1ccc(O)c(O)c1)C(O)=O,0,7.940284549302335,0,0,1,1
Levodopa_37,NC(Cc1ccc(O)c(O)c1)C(O)=O,1,8.70137069002259,0,0,1,0
Levodopa_38,NC(Cc1ccc(O)c(O)c1)C(O)=O,1,6.241268893931524,1,1,0,0
Levodopa_39,NC(Cc1ccc(O)c(O)c1)C(O)=O,1,5.250921478287907,0,0,0,0
Levodopa_40,NC(Cc1ccc(O)c(O)c1)C(O)=O,1,8.237336710481282,0,1,1,0
Levodopa_41,NC(Cc1ccc(O)c(O)c1)C(O)=O,1,6.590820994917198,1,0,0,0
Levodopa_42,NC(Cc1ccc(O)c(O)c1)C(O)=O,0,7.395478172241679,1,0,0,0
Levodopa_43,NC(Cc1ccc(O)c(O)c1)C(O)=O,1,6.166781272240698,0,0,1,0
Levodopa_44,NC(Cc1ccc(O)c(O)c1)C(O)=O,1,6.923452298443543,0,0,0,0
Levodopa_45,NC(Cc1ccc(O)c(O)c1)C(O)=O,1,7.927642245349906,1,0,0,0
Levodopa_46,NC(Cc1ccc(O)c(O)c1)C(O)=O,1,8.227464249951318,0,0,0,0
Levodopa_47,NC(Cc1ccc(O)c(O)c1)C(O)=O,1,8.06677815437407,0,0,0,0
Levodopa_48,NC(Cc1ccc(O)c(O)c1)C(O)=O,1,7.187435829934117,0,0,1,0
Levodopa_49,NC(Cc1ccc(O)c(O)c1)C(O)=O,1,8.787204820890802,0,0,0,0
Levodopa_50,NC(Cc1ccc(O)c(O)c1)C(O)=O,1,6.184511518442243,0,0,0,0
Levodopa_51,NC(Cc1ccc(O)c(O)c1)C(O)=O,1,7.434604141837945,1,0,0,0
Levodopa_52,NC(Cc1ccc(O)c(O)c1)C(O)=O,1,5.599094619263765,1,0,0,0
Levodopa_53,NC(Cc1ccc(O)c(O)c1)C(O)=O,1,8.198496060085073,0,0,0,0
Levodopa_54,NC(Cc1ccc(O)c(O)c1)C(O)=O,1,5.60889108648443,0,0,0,0
Levodopa_55,NC(Cc1ccc(O)c(O)c1)C(O)=O,1,7.387724182424851,1,0,0,0
Levodopa_56,NC(Cc1ccc(O)c(O)c1)C(O)=O,1,7.832233412927501,0,0,0,0
Levodopa_57,NC(Cc1ccc(O)c(O)c1)C(O)=O,1,5.994541858900833,0,0,0,0
Levodopa_58,NC(Cc1ccc(O)c(O)c1)C(O)=O,0,6.7034645546293365,0,0,0,0
Levodopa_59,NC(Cc1ccc(O)c(O)c1)C(O)=O,1,5.847720466578508,1,0,0,0
Levodopa_60,NC(Cc1ccc(O)c(O)c1)C(O)=O,1,7.535537609865653,1,0,0,0
Levodopa_61,NC(Cc1ccc(O)c(O)c1)C(O)=O,1,5.63996318897418,0,1,0,0
Levodopa_62,NC(Cc1ccc(O)c(O)c1)C(O)=O,1,7.30420640284864,0,0,0,0
Levodopa_63,NC(Cc1ccc(O)c(O)c1)C(O)=O,1,6.028632204969247,1,0,0,0
Levodopa_64,NC(Cc1ccc(O)c(O)c1)C(O)=O,1,7.190120180228085,0,0,1,0
Levodopa_65,NC(Cc1ccc(O)c(O)c1)C(O)=O,1,7.666158341944836,0,0,1,0
Levodopa_66,NC(Cc1ccc(O)c(O)c1)C(O)=O,1,8.067059427540823,1,0,0,0
Levodopa_67,NC(Cc1ccc(O)c(O)c1)C(O)=O,1,8.164426533406584,0,0,0,1
Levodopa_68,NC(Cc1ccc(O)c(O)c1)C(O)=O,1,6.449852532799163,1,0,0,0
Levodopa_69,NC(Cc1ccc(O)c(O)c1)C(O)=O,1,7.94962707336832,0,0,1,1
Levodopa_70,NC(Cc1ccc(O)c(O)c1)C(O)=O,1,8.433944015681806,1,0,1,0
Levodopa_71,NC(Cc1ccc(O)c(O)c1)C(O)=O,1,7.922299377406816,1,0,0,0
Levodopa_72,NC(Cc1ccc(O)c(O)c1)C(O)=O,1,8.17237792935801,0,0,0,0
Levodopa_73,NC(Cc1ccc(O)c(O)c1)C(O)=O,1,6.586490948122555,0,0,0,0
Levodopa_74,NC(Cc1ccc(O)c(O)c1)C(O)=O,0,7.386529766396344,0,1,0,0
Levodopa_75,NC(Cc1ccc(O)c(O)c1)C(O)=O,1,6.816034953477052,0,0,0,0
Levodopa_76,NC(Cc1ccc(O)c(O)c1)C(O)=O,1,8.929732176737254,1,0,0,0
Levodopa_77,NC(Cc1ccc(O)c(O)c1)C(O)=O,0,7.901646634816649,0,0,0,0
Levodopa_78,NC(Cc1ccc(O)c(O)c1)C(O)=O,1,8.127783729567003,0,0,0,1
Levodopa_79,NC(Cc1ccc(O)c(O)c1)C(O)=O,1,6.95258781039338,0,0,1,0
Levodopa_80,NC(Cc1ccc(O)c(O)c1)C(O)=O,1,5.239313145319906,1,0,0,0
Levodopa_81,NC(Cc1ccc(O)c(O)c1)C(O)=O,0,8.341204203150708,0,1,0,0
Levodopa_82,NC(Cc1ccc(O)c(O)c1)C(O)=O,0,6.3323851432813285,1,0,1,0
Levodopa_83,NC(Cc1ccc(O)c(O)c1)C(O)=O,0,6.940102426675363,0,0,0,0
Levodopa_84,NC(Cc1ccc(O)c(O)c1)C(O)=O,1,6.968524980162913,0,0,0,1
Levodopa_85,NC(Cc1ccc(O)c(O)c1)C(O)=O,0,8.955137677220424,0,0,0,0
Levodopa_86,NC(Cc1ccc(O)c(O)c1)C(O)=O,1,7.10909256848594,0,0,0,0
Levodopa_87,NC(Cc1ccc(O)c(O)c1)C(O)=O,1,5.8703388556287335,0,0,1,1
Levodopa_88,NC(Cc1ccc(O)c(O)c1)C(O)=O,1,5.796329926550448,0,0,0,0
Levodopa_89,NC(Cc1ccc(O)c(O)c1)C(O)=O,1,7.5650223944066735,0,0,0,0
Levodopa_90,NC(Cc1ccc(O)c(O)c1)C(O)=O,1,7.51778926708908,0,0,0,0
Levodopa_91,NC(Cc1ccc(O)c(O)c1)C(O)=O,1,8.37291702196153,0,0,0,0
Levodopa_92,NC(Cc1ccc(O)c(O)c1)C(O)=O,1,8.98442461740785,0,0,0,0
Levodopa_93,NC(Cc1ccc(O)c(O)c1)C(O)=O,1,5.715311756463524,1,0,0,1
Levodopa_94,NC(Cc1ccc(O)c(O)c1)C(O)=O,1,7.90775700933488,0,1,0,0
Levodopa_95,NC(Cc1ccc(O)c(O)c1)C(O)=O,1,5.162813170300337,0,0,1,0
Levodopa_96,NC(Cc1ccc(O)c(O)c1)C(O)=O,0,5.850279389741894,0,0,0,0
Levodopa_97,NC(Cc1ccc(O)c(O)c1)C(O)=O,1,7.350498683991151,0,0,0,0
Levodopa_98,NC(Cc1ccc(O)c(O)c1)C(O)=O,1,7.851454824471849,0,0,0,0
Levodopa_99,NC(Cc1ccc(O)c(O)c1)C(O)=O,0,5.4780989818125825,1,0,0,0
Haloperidol_0,OC1(CCN(CCCC(=O)c2ccc(F)cc2)CC1)c1ccc(Cl)cc1,1,7.5077079183682915,1,0,1,1
Haloperidol_1,OC1(CCN(CCCC(=O)c2ccc(F)cc2)CC1)c1ccc(Cl)cc1,1,8.665429377241722,0,0,0,0
Haloperidol_2,OC1(CCN(CCCC(=O)c2ccc(F)cc2)CC1)c1ccc(Cl)cc1,1,8.642347521533713,0,1,0,0
Haloperidol_3,OC1(CCN(CCCC(=O)c2ccc(F)cc2)CC1)c1ccc(Cl)cc1,1,8.824242051237196,0,0,0,0
Haloperidol_4,OC1(CCN(CCCC(=O)c2ccc(F)cc2)CC1)c1ccc(Cl)cc1,1,7.513165335580549,0,0,0,0
Haloperidol_5,OC1(CCN(CCCC(=O)c2ccc(F)cc2)CC1)c1ccc(Cl)cc1,1,5.580263106656956,0,0,0,1
Haloperidol_6,OC1(CCN(CCCC(=O)c2ccc(F)cc2)CC1)c1ccc(Cl)cc1,1,7.825732981235449,0,0,1,0
Haloperidol_7,OC1(CCN(CCCC(=O)c2ccc(F)cc2)CC1)c1ccc(Cl)cc1,0,5.714123812382708,1,0,1,0
Haloperidol_8,OC1(CCN(CCCC(=O)c2ccc(F)cc2)CC1)c1ccc(Cl)cc1,1,7.868897938993576,1,1,0,0
Haloperidol_9,OC1(CCN(CCCC(=O)c2ccc(F)cc2)CC1)c1ccc(Cl)cc1,0,5.309434907679012,0,0,0,1
Haloperidol_10,OC1(CCN(CCCC(=O)c2ccc(F)cc2)CC1)c1ccc(Cl)cc1,0,5.483410633718853,1,0,0,0
Haloperidol_11,OC1(CCN(CCCC(=O)c2ccc(F)cc2)CC1)c1ccc(Cl)cc1,1,5.227658726659321,0,0,0,0
Haloperidol_12,OC1(CCN(CCCC(=O)c2ccc(F)cc2)CC1)c1ccc(Cl)cc1,1,7.356550458710837,0,1,0,0
Haloperidol_13,OC1(CCN(CCCC(=O)c2ccc(F)cc2)CC1)c1ccc(Cl)cc1,0,8.108092003653173,1,0,0,0
Haloperidol_14,OC1(CCN(CCCC(=O)c2ccc(F)cc2)CC1)c1ccc(Cl)cc1,1,7.648215431444864,0,0,0,1
Haloperidol_15,OC1(CCN(CCCC(=O)c2ccc(F)cc2)CC1)c1ccc(Cl)cc1,1,5.679016291832846,1,0,1,0
Haloperidol_16,OC1(CCN(CCCC(=O)c2ccc(F)cc2)CC1)c1ccc(Cl)cc1,1,6.376027701989736,0,0,1,0
Haloperidol_17,OC1(CCN(CCCC(=O)c2ccc(F)cc2)CC1)c1ccc(Cl)cc1,1,8.392832002629513,0,0,0,0
Haloperidol_18,OC1(CCN(CCCC(=O)c2ccc(F)cc2)CC1)c1ccc(Cl)cc1,1,5.309182450639195,0,0,0,0
Haloperidol_19,OC1(CCN(CCCC(=O)c2ccc(F)cc2)CC1)c1ccc(Cl)cc1,1,8.506355454172844,0,0,0,0
Haloperidol_20,OC1(CCN(CCCC(=O)c2ccc(F)cc2)CC1)c1ccc(Cl)cc1,1,5.5803197880887065,1,1,0,1
Haloperidol_21,OC1(CCN(CCCC(=O)c2ccc(F)cc2)CC1)c1ccc(Cl)cc1,1,7.573494176894671,1,0,0,0
Haloperidol_22,OC1(CCN(CCCC(=O)c2ccc(F)cc2)CC1)c1ccc(Cl)cc1,1,8.366393725047207,1,0,0,0
Haloperidol_23,OC1(CCN(CCCC(=O)c2ccc(F)cc2)CC1)c1ccc(Cl)cc1,1,5.181282877687261,0,1,1,0
Haloperidol_24,OC1(CCN(CCCC(=O)c2ccc(F)cc2)CC1)c1ccc(Cl)cc1,1,7.510889014735217,0,0,0,0
Haloperidol_25,OC1(CCN(CCCC(=O)c2ccc(F)cc2)CC1)c1ccc(Cl)cc1,1,6.724471797061228,1,0,0,0
Haloperidol_26,OC1(CCN(CCCC(=O)c2ccc(F)cc2)CC1)c1ccc(Cl)cc1,1,7.808941294624278,0,1,0,0
Haloperidol_27,OC1(CCN(CCCC(=O)c2ccc(F)cc2)CC1)c1ccc(Cl)cc1,1,8.952943437674492,0,0,0,0
Haloperidol_28,OC1(CCN(CCCC(=O)c2ccc(F)cc2)CC1)c1ccc(Cl)cc1,1,6.324835133375098,0,0,0,0
Haloperidol_29,OC1(CCN(CCCC(=O)c2ccc(F)cc2)CC1)c1ccc(Cl)cc1,1,6.19900534829239,0,0,1,0
Haloperidol_30,OC1(CCN(CCCC(=O)c2ccc(F)cc2)CC1)c1ccc(Cl)cc1,1,8.322067653585366,1,0,0,0
Haloperidol_31,OC1(CCN(CCCC(=O)c2ccc(F)cc2)CC1)c1ccc(Cl)cc1,0,7.788965542384803,0,0,0,1
Haloperidol_32,OC1(CCN(CCCC(=O)c2ccc(F)cc2)CC1)c1ccc(Cl)cc1,1,8.972140936680395,0,0,0,0
Haloperidol_33,OC1(CCN(CCCC(=O)c2ccc(F)cc2)CC1)c1ccc(Cl)cc1,1,8.441269806708199,0,0,1,0
Haloperidol_34,OC1(CCN(CCCC(=O)c2ccc(F)cc2)CC1)c1ccc(Cl)cc1,1,8.521053619404897,1,0,0,0
Haloperidol_35,OC1(CCN(CCCC(=O)c2ccc(F)cc2)CC1)c1ccc(Cl)cc1,1,7.576666042526915,1,0,0,0
Haloperidol_36,OC1(CCN(CCCC(=O)c2ccc(F)cc2)CC1)c1ccc(Cl)cc1,1,5.6899888170169906,0,0,1,1
Haloperidol_37,OC1(CCN(CCCC(=O)c2ccc(F)cc2)CC1)c1ccc(Cl)cc1,0,8.265345970345225,0,0,1,0
Haloperidol_38,OC1(CCN(CCCC(=O)c2ccc(F)cc2)CC1)c1ccc(Cl)cc1,1,6.95197309028864,0,0,0,0
Haloperidol_39,OC1(CCN(CCCC(=O)c2ccc(F)cc2)CC1)c1ccc(Cl)cc1,1,8.249774158678484,0,0,1,0
Haloperidol_40,OC1(CCN(CCCC(=O)c2ccc(F)cc2)CC1)c1ccc(Cl)cc1,1,7.323057552017362,0,1,0,0
Haloperidol_41,OC1(CCN(CCCC(=O)c2ccc(F)cc2)CC1)c1ccc(Cl)cc1,1,6.51004839396947,0,0,0,0
Haloperidol_42,OC1(CCN(CCCC(=O)c2ccc(F)cc2)CC1)c1ccc(Cl)cc1,1,8.827811291864913,1,1,0,1
Haloperidol_43,OC1(CCN(CCCC(=O)c2ccc(F)cc2)CC1)c1ccc(Cl)cc1,1,7.515676601849751,0,0,0,0
Haloperidol_44,OC1(CCN(CCCC(=O)c2ccc(F)cc2)CC1)c1ccc(Cl)cc1,1,6.6968226269664,0,0,0,0
Haloperidol_45,OC1(CCN(CCCC(=O)c2ccc(F)cc2)CC1)c1ccc(Cl)cc1,1,6.384760674627959,1,0,0,0
Haloperidol_46,OC1(CCN(CCCC(=O)c2ccc(F)cc2)CC1)c1ccc(Cl)cc1,1,6.296931495010567,0,0,0,0
Haloperidol_47,OC1(CCN(CCCC(=O)c2ccc(F)cc2)CC1)c1ccc(Cl)cc1,1,7.448292423956318,0,0,0,0
Haloperidol_48,OC1(CCN(CCCC(=O)c2ccc(F)cc2)CC1)c1ccc(Cl)cc1,1,7.91870829960091,0,0,1,0
Haloperidol_49,OC1(CCN(CCCC(=O)c2ccc(F)cc2)CC1)c1ccc(Cl)cc1,1,8.243383652459373,0,0,0,1
Haloperidol_50,OC1(CCN(CCCC(=O)c2ccc(F)cc2)CC1)c1ccc(Cl)cc1,1,6.061125202997848,1,0,0,0
Haloperidol_51,OC1(CCN(CCCC(=O)c2ccc(F)cc2)CC1)c1ccc(Cl)cc1,0,7.959459738935763,0,0,0,0
Haloperidol_52,OC1(CCN(CCCC(=O)c2ccc(F)cc2)CC1)c1ccc(Cl)cc1,0,5.125988314241519,0,0,0,0
Haloperidol_53,OC1(CCN(CCCC(=O)c2ccc(F)cc2)CC1)c1ccc(Cl)cc1,1,8.926855726198504,0,0,0,1
Haloperidol_54,OC1(CCN(CCCC(=O)c2ccc(F)cc2)CC1)c1ccc(Cl)cc1,1,5.363778126518762,0,0,0,0
Haloperidol_55,OC1(CCN(CCCC(=O)c2ccc(F)cc2)CC1)c1ccc(Cl)cc1,0,8.783851178570014,1,1,0,0
Haloperidol_56,OC1(CCN(CCCC(=O)c2ccc(F)cc2)CC1)c1ccc(Cl)cc1,1,8.760794744540956,0,0,1,0
Haloperidol_57,OC1(CCN(CCCC(=O)c2ccc(F)cc2)CC1)c1ccc(Cl)cc1,1,7.605944097613019,1,0,0,0
Haloperidol_58,OC1(CCN(CCCC(=O)c2ccc(F)cc2)CC1)c1ccc(Cl)cc1,1,5.969608587772731,0,0,0,1
Haloperidol_59,OC1(CCN(CCCC(=O)c2ccc(F)cc2)CC1)c1ccc(Cl)cc1,1,8.628613204327882,1,0,0,0
Haloperidol_60,OC1(CCN(CCCC(=O)c2ccc(F)cc2)CC1)c1ccc(Cl)cc1,1,6.038378742070651,0,0,0,0
Haloperidol_61,OC1(CCN(CCCC(=O)c2ccc(F)cc2)CC1)c1ccc(Cl)cc1,1,6.5758795801430985,0,0,0,0
Haloperidol_62,OC1(CCN(CCCC(=O)c2ccc(F)cc2)CC1)c1ccc(Cl)cc1,0,8.003366752105222,1,0,0,0
Haloperidol_63,OC1(CCN(CCCC(=O)c2ccc(F)cc2)CC1)c1ccc(Cl)cc1,1,8.295033156581365,0,0,0,0
Haloperidol_64,OC1(CCN(CCCC(=O)c2ccc(F)cc2)CC1)c1ccc(Cl)cc1,0,6.510421618311328,1,0,1,0
Haloperidol_65,OC1(CCN(CCCC(=O)c2ccc(F)cc2)CC1)c1ccc(Cl)cc1,1,7.4583090656301305,0,0,0,0
Haloperidol_66,OC1(CCN(CCCC(=O)c2ccc(F)cc2)CC1)c1ccc(Cl)cc1,0,8.400493356564445,0,0,1,0
Haloperidol_67,OC1(CCN(CCCC(=O)c2ccc(F)cc2)CC1)c1ccc(Cl)cc1,1,8.48913705678691,1,0,1,0
Haloperidol_68,OC1(CCN(CCCC(=O)c2ccc(F)cc2)CC1)c1ccc(Cl)cc1,1,5.707107120761248,0,1,1,0
Haloperidol_69,OC1(CCN(CCCC(=O)c2ccc(F)cc2)CC1)c1ccc(Cl)cc1,0,8.273921873463319,0,0,0,1
Haloperidol_70,OC1(CCN(CCCC(=O)c2ccc(F)cc2)CC1)c1ccc(Cl)cc1,1,6.5639878232402245,1,0,1,0
Haloperidol_71,OC1(CCN(CCCC(=O)c2ccc(F)cc2)CC1)c1ccc(Cl)cc1,1,5.6605484576777485,0,0,0,0
Haloperidol_72,OC1(CCN(CCCC(=O)c2ccc(F)cc2)CC1)c1ccc(Cl)cc1,1,6.905694102729523,1,0,0,0
Haloperidol_73,OC1(CCN(CCCC(=O)c2ccc(F)cc2)CC1)c1ccc(Cl)cc1,1,7.54840608978326,1,0,1,0
Haloperidol_74,OC1(CCN(CCCC(=O)c2ccc(F)cc2)CC1)c1ccc(Cl)cc1,1,5.43448235106161,1,0,1,0
Haloperidol_75,OC1(CCN(CCCC(=O)c2ccc(F)cc2)CC1)c1ccc(Cl)cc1,0,8.527567095747635,1,1,1,0
Haloperidol_76,OC1(CCN(CCCC(=O)c2ccc(F)cc2)CC1)c1ccc(Cl)cc1,1,5.586817247069537,0,0,0,0
Haloperidol_77,OC1(CCN(CCCC(=O)c2ccc(F)cc2)CC1)c1ccc(Cl)cc1,1,7.599551258021795,1,0,0,0
Haloperidol_78,OC1(CCN(CCCC(=O)c2ccc(F)cc2)CC1)c1ccc(Cl)cc1,1,5.020146868428476,1,0,0,0
Haloperidol_79,OC1(CCN(CCCC(=O)c2ccc(F)cc2)CC1)c1ccc(Cl)cc1,1,8.89979098651554,0,0,0,0
Haloperidol_80,OC1(CCN(CCCC(=O)c2ccc(F)cc2)CC1)c1ccc(Cl)cc1,1,8.6705827482525,1,0,0,0
Haloperidol_81,OC1(CCN(CCCC(=O)c2ccc(F)cc2)CC1)c1ccc(Cl)cc1,0,8.593674358793447,0,0,0,1
Haloperidol_82,OC1(CCN(CCCC(=O)c2ccc(F)cc2)CC1)c1ccc(Cl)cc1,1,6.122375722166561,1,0,0,0
Haloperidol_83,OC1(CCN(CCCC(=O)c2ccc(F)cc2)CC1)c1ccc(Cl)cc1,1,7.484888394581024,1,0,0,1
Haloperidol_84,OC1(CCN(CCCC(=O)c2ccc(F)cc2)CC1)c1ccc(Cl)cc1,1,5.281490456269802,0,0,1,0
Haloperidol_85,OC1(CCN(CCCC(=O)c2ccc(F)cc2)CC1)c1ccc(Cl)cc1,1,6.705423887506175,0,0,0,0
Haloperidol_86,OC1(CCN(CCCC(=O)c2ccc(F)cc2)CC1)c1ccc(Cl)cc1,1,8.627808399208572,1,0,0,0
Haloperidol_87,OC1(CCN(CCCC(=O)c2ccc(F)cc2)CC1)c1ccc(Cl)cc1,1,8.338819817353777,0,0,1,0
Haloperidol_88,OC1(CCN(CCCC(=O)c2ccc(F)cc2)CC1)c1ccc(Cl)cc1,1,7.930620134151659,0,0,0,0
Haloperidol_89,OC1(CCN(CCCC(=O)c2ccc(F)cc2)CC1)c1ccc(Cl)cc1,1,6.535332752706631,1,0,0,0
Haloperidol_90,OC1(CCN(CCCC(=O)c2ccc(F)cc2)CC1)c1ccc(Cl)cc1,1,7.62770804888587,1,0,0,0
Haloperidol_91,OC1(CCN(CCCC(=O)c2ccc(F)cc2)CC1)c1ccc(Cl)cc1,1,8.96077497982801,0,0,0,0
Haloperidol_92,OC1(CCN(CCCC(=O)c2ccc(F)cc2)CC1)c1ccc(Cl)cc1,0,6.609506555007194,0,0,1,0
Haloperidol_93,OC1(CCN(CCCC(=O)c2ccc(F)cc2)CC1)c1ccc(Cl)cc1,1,5.399602000422151,1,0,0,0
Haloperidol_94,OC1(CCN(CCCC(=O)c2ccc(F)cc2)CC1)c1ccc(Cl)cc1,1,5.165179551967578,1,0,0,0
Haloperidol_95,OC1(CCN(CCCC(=O)c2ccc(F)cc2)CC1)c1ccc(Cl)cc1,1,7.493440135285519,0,0,0,0
Haloperidol_96,OC1(CCN(CCCC(=O)c2ccc(F)cc2)CC1)c1ccc(Cl)cc1,1,7.403025007763604,0,0,0,0
Haloperidol_97,OC1(CCN(CCCC(=O)c2ccc(F)cc2)CC1)c1ccc(Cl)cc1,1,5.245912802305358,0,0,0,1
Haloperidol_98,OC1(CCN(CCCC(=O)c2ccc(F)cc2)CC1)c1ccc(Cl)cc1,1,6.441569318173885,0,0,0,0
Haloperidol_99,OC1(CCN(CCCC(=O)c2ccc(F)cc2)CC1)c1ccc(Cl)cc1,1,6.267370875321875,0,0,0,0
